ID,Category,Masthead,Date,Issue,Headline,Subtitle,Col1,Col2,Memo,Clues,Location,Story,Insight,Choices,SolveHeadline,SolveEnding,LandingYear,LandingDate,LandingMsg,isGeneric,,,,,,,,,,,,,,,,,,,,,,,,,,,,,,,,,,,,
choi1980,1980s,대한민국일보,1980년 5월 18일 일요일,호외,비상계엄 전국 확대 선포,군 병력 서울·광주 등 전국 주요 거점 배치 — 정치활동 전면 금지,"정부는 17일 자정을 기해 비상계엄을 전국으로 확대 선포했다. 모든 정치 활동이 금지되며 [언론·출판 사전 검열]이 즉각 실시된다. 전국 각 대학교에는 [무기한 휴교령]이 내려졌고, 국회는 군 병력에 의해 봉쇄되었다.","광주에서는 전남대 학생들이 교문 앞에 모인 것으로 전해지나 [자세한 상황은 파악되지 않고 있다]. 계엄사는 ""국가 안보와 사회 질서 유지를 위한 [불가피한 조치]""라고 밝혔으며, 시민들의 외출 자제를 당부했다.","""광주로 가는 길이다. 신문은 침묵하고 있지만, 그곳의 비명 소리가 여기까지 들리는 것 같다. 진실을 기록해야 한다. — 누군가""","[{""marker"":""[언론·출판 사전 검열]"",""id"":""c_censor"",""label"":""검열된 진실"",""desc"":""신문은 말하지 못했다. 광주는 이미 역사적 변곡점에 있었다.""},{""marker"":""[자세한 상황은 파악되지 않고 있다]"",""id"":""c_gwangju"",""label"":""감춰진 광주"",""desc"":""기자들의 취재가 막혔다. 무언가 숨기고 있다.""},{""marker"":""[무기한 휴교령]"",""id"":""c_school"",""label"":""지성의 봉쇄"",""desc"":""학생들의 입을 막기 위해 학교 문을 강제로 닫았다.""},{""marker"":""[불가피한 조치]"",""id"":""c_excuse"",""label"":""명분 없는 계엄"",""desc"":""권력 찬탈을 위한 핑계였을 뿐이다.""}]",광주 임시 거처,광주로 향하는 길은 험난하다. 모든 도로가 통제되었고 산길을 타고 겨우 도착한 팽목항은 무거운 침묵만이 가득하다.,누군가 신문을 찢어버렸다. 하지만 찢겨진 틈 사이로 진실의 편린이 보인다.,[],끊어진 역사 위를 걷는 탐정,민주주의를 향한 열망이 뜨겁게 타오르던 그 날의 기록을 당신은 생생하게 담아냈습니다.,1980,1980년 5월 18일,안개 자욱한 광주로 착륙합니다...,FALSE,,,,,,,,,,,,,,,,,,,,,,,,,,,,,,,,,,,,
color79,1980s,산업경제일보,1980년 12월 01일 월요일,"제 4,500호",컬러 TV 방송 시대 개막,흑백 영상 역사 속으로... 안방 극장의 화려한 혁명,"국내 기술로 제작된 컬러 TV가 보급되면서 방송계에 일대 변혁이 예고된다. 정부는 ""국민 정서 함양과 문화 발전에 기여할 것""이라며 대대적인 [3S 정책]의 일환임을 시사했다. 백화점 가전 코너는 인산인해를 이루고 있다.","하지만 일부 학계에서는 ""정치적 관심을 다른 데로 돌리려는 [고도의 심리전]""이라며 우려를 표하고 있다. 방송사들은 화려한 쇼 프로그램을 준비 중이며, [야간 통행 금지] 해제 논의도 함께 흘러나오고 있다.","""화려한 색깔 뒤에 숨겨진 그들의 의도를 보라. 무대 밑에는 칼날이 숨겨져 있다. — 자유 언론인 P""","[{""marker"":""[3S 정책]"",""id"":""c_3s"",""label"":""3S 정책의 실체"",""desc"":""Screen, Sports, Sex를 통해 정치적 무관심을 유도하려는 계획.""},{""marker"":""[고도의 심리전]"",""id"":""c_psywar"",""label"":""문화적 통제"",""desc"":""정권의 정당성 확보를 위한 문화적 장치들이 숨어있다.""},{""marker"":""[야간 통행 금지]"",""id"":""c_curfew"",""label"":""조종된 해방감"",""desc"":""일부 자유를 주고 더 큰 권리를 뺏으려는 고도의 전략.""}]",서울 — 명동 가전 매장 앞,화려한 컬러 TV 화면이 지나가는 사람들의 발길을 붙잡는다. 사람들은 신기한 듯 쳐다보지만 매장 한구석에선 수상한 남자들이 장부를 들고 손님들의 인색착의를 기록하고 있다.,저 남자들의 양복... 평범한 손님이 아니다. 구두 끝에 묻은 진흙과 날카로운 눈매가 안기부 요원임을 말해주고 있어.,"[{""""""""text"""""""":""""""""매장 뒤쪽의 쓰레기통을 뒤진다""""""""","""result"""""""":""""""""버려진 서류 뭉치를 발견했다. """"""""국민 우민화 계획 - 1단계 방송 편성 지침""""""""이라는 제목과 함께 자극적인 쇼 프로그램 위주로 편성하라는 메모가 가득하다.""""""""","""effect"""""""":""""""""mental:-10|stress:20""""""""","""clue"""""""":{""""""""id"""""""":""""""""c_brainwash""""""""","""label"""""""":""""""""우민화 계획서""""""""","""desc"""""""":""""""""자극적인 오락 프로 위주로 편성하라는 정부의 지침이 담겨있다.""""""""""}}","{""""""""text"""""""":""""""""라디오 가게 노인에게 3S 정책에 대해 묻는다""""""""","""result"""""""":""""""""노인이 담배 연기를 내뱉으며 조용히 속삭인다. """"""""스포츠로 시선을 돌리고","야한 영화로 입을 막고 있네. 조심하게. 벽에도 귀가 있네.""""""""""""""""","""effect"""""""":""""""""mental:10|stamina:-10""""""""","""clue"""""""":{""""""""id"""""""":""""""""c_elder_warning""""""""","""label"""""""":""""""""노인의 경고""""""""","""desc"""""""":""""""""당시 사회 이면의 통제 분위기를 증언하는 목소리.""""""""""}}","{""""""""text"""""""":""""""""안기부 요원의 뒤를 밟는다""""""""","""result"""""""":""""""""요원이 공중전화 박스에서 누군가와 통화한다. """"""""방송국 놈들 압박해서 뉴스 시간 줄여. 대신 쇼 프로그램을 두 배로 늘려.""""""""라는 말을 들었다.""""""""","""effect"""""""":""""""""stamina:-20|stress:30""""""""","""clue"""""""":{""""""""id"""""""":""""""""c_media_control""""""""","""label"""""""":""""""""보도 통제 명령""""""""","""desc"""""""":""""""""뉴스를 줄이고 오락을 늘려 대중을 정치와 고립시키려는 시도.""""""""""}}]""""",화려한 컬러 속에 숨겨진 통제와 세뇌의 기록,컬러 TV의 화려한 영상은 국민의 눈을 즐겁게 했지만 그 이면에는 소리 없이 대중을 마비시키려는 정교한 정치적 음모가 숨어 있었음을 당신은 기록했습니다.,1980,1980년 12월 1일,화려하지만 차가운 서울 명동으로 착륙합니다...,TRUE,,,,,,,,,,,,,,,,,,
baseball82,1980s,스포츠서울,1982년 03월 27일 토요일,창간호,어린이에겐 꿈을! 프로야구 공식 출범,전국이 야구 열풍! 지역 연고제 도입으로 열기 후끈 — 동대문 첫 경기,"6개 구단으로 시작하는 프로야구가 오늘 드디어 막을 올렸다. 정부는 국민의 여가 선용과 애향심 고취를 위해 [파격적인 지원]을 아끼지 않았으며, [지역 갈등 해소]를 명분으로 내세웠다. 거리엔 유니폼을 입은 아이들이 가득하다.","그러나 일각에서는 지역 감정을 노골적으로 이용하려는 것 아니냐는 비판과 함께, 대규모 [정치 후원금]이 구단 창단에 유입되었다는 소문이 돌고 있다. 특히 [특정 기업]들에 대한 특혜 의혹이 꼬리에 꼬리를 문다.","""방망이 소리에 묻혀버린 거리의 함성. 경기장 밖에서는 민주주의가 타석에 한 번 서보지도 못하고 아웃되고 있다. — 익명의 기자""","[{""marker"":""[파격적인 지원]"",""id"":""c_support"",""label"":""정부의 파격 지원"",""desc"":""스포츠를 장려하며 정치적 정당성을 확보하려는 움직임.""},{""marker"":""[지역 갈등 해소]"",""id"":""c_regional"",""label"":""지역 갈등의 도구"",""desc"":""오히려 지역 감정을 부추겨 정권을 유지하려는 의혹.""},{""marker"":""[특정 기업]"",""id"":""c_special"",""label"":""재벌과의 정경유착"",""desc"":""구단 창단을 대가로 기업에 각종 이권을 제공한 증거.""}]",서울 — 동대문 야구장 매표소 부근,야구장의 함성 소리가 고막을 때린다. 축제 분위기가 완연한 매표소 앞 하지만 암표상들 사이에서 수상한 검은 양복들이 가득 든 돈가방을 은밀히 주고받는 모습이 포착됐다.,구단 창단 자금의 출처가 적힌 장부가 저 가방 안에 있을 거야. 야구 방망이가 아닌 정지권을 휘두르는 자들의 이름이 적혀 있겠지.,"[{""""""""text"""""""":""""""""암표상에게 접근해 돈가방에 대해 묻는다""""""""","""result"""""""":""""""""암표상이 주변을 살피며 겁에 질려 중얼거린다. """"""""저건 야구 티켓값이 아니요... 위에서 내려온 정치 자금이라니까. 괜히 알려고 하지 말고 가쇼!""""""""""""""""","""effect"""""""":""""""""money:10|stress:15""""""""","""clue"""""""":{""""""""id"""""""":""""""""c_dirty_money""""""""","""label"""""""":""""""""비자금 장부""""""""","""desc"""""""":""""""""정치적 목적으로 유용된 기업들의 구단 로비 자금 기록.""""""""""}}","{""""""""text"""""""":""""""""야구협회 사무실에 몰래 잠입한다""""""""","""result"""""""":""""""""정부 관료가 구단주들에게 보내는 """"""""관중석 상단에 사복 경찰 배치 및 응원 구호 유도"""""""" 지침서를 발견했다. 야구장마저 감시의 현장이었다.""""""""","""effect"""""""":""""""""stamina:-20|mental:-10""""""""","""clue"""""""":{""""""""id"""""""":""""""""c_fake_fans""""""""","""label"""""""":""""""""관제 응원 지침서""""""""","""desc"""""""":""""""""군중 동원을 통해 열기를 조작하고 감시하려 했던 계획.""""""""""}}","{""""""""text"""""""":""""""""락커룸 부근의 대화에 귀를 기울인다""""""""","""result"""""""":""""""""한 기업인이 구단 관계자에게 속삭인다. """"""""이번 창단 팀만 잘 키우면","강남 노른자위 땅 개발권 약속받았네.""""""""라는 충격적인 사실을 확인했다.""""""""","""effect"""""""":""""""""money:-10|mental:-20""""""""","""clue"""""""":{""""""""id"""""""":""""""""c_land_deal""""""""","""label"""""""":""""""""토지 이권 거래""""""""","""desc"""""""":""""""""팀 창단을 내세워 부동산 투기 권한을 주고받은 정황.""""""""""}}]""""",그라운드 위의 그림자 함성에 묻힌 정경유착의 기록,프로야구는 시민들에게 꿈과 즐거움을 주었지만 그 시작은 기업과 권력이 결탁하여 이권을 챙기고 민심을 무마하려 한 비릿한 계산의 결과였음을 당신은 고발했습니다.,1982,1982년 3월 27일,응원 소리 가득한 동대문 야구장으로 착륙합니다...,TRUE,,,,,,,,,,,,,,,,,,
seongsu94,1990s,중앙일보,1994년 10월 22일 토요일,"제 8,924호","성수대교 붕괴... ""예견된 인재""",출근길 16번 버스 등 6대 추락 — 32명 사망,17명 부상 참극,"어제 오전 7시 40분경 한강 성수대교의 5번과 6번 교각 사이 상판이 무참히 무너졌다. [붕괴 사흘 전]부터 균열을 보고한 기사들이 있었으나, 서울 시청은 ""안전하다""며 [묵살한 사실]이 드러났다. 현장엔 피어보지 못한 [학생들의 가방]이 널려 있다.","부실 시공뿐만 아니라 [무리한 중차량 통행]이 주원인이었다. 국가 안전 관리 시스템의 총체적 부실이 도마에 올랐다. 사람들은 이제 공포 없이는 한강을 건너지 못하고 있으며, 시정 책임자에 대한 비난이 빗발치고 있다.","""어제 그 다리를 건넜던 내 딸... 누가 죽인 것인가. 기록만이 답을 알고 있다. 무너진 것은 상판만이 아니라 공직자의 양심이었다.""","[{""marker"":""[붕괴 사흘 전]"",""id"":""c_report"",""label"":""무시된 균열 보고"",""desc"":""현장 노동자들이 수차례 위험을 알렸으나 상부에서 묵살했다.""},{""marker"":""[묵살한 사실]"",""id"":""c_silence"",""label"":""공직자의 침묵"",""desc"":""책임 회피를 위해 보고서를 서랍 속에 숨겼던 기록.""},{""marker"":""[학생들의 가방]"",""id"":""c_students"",""label"":""희생된 아이들"",""desc"":""하교하거나 등교하던 평범한 학생들의 꿈이 끊어진 현장.""},{""marker"":""[무리한 중차량 통행]"",""id"":""c_truck"",""label"":""방치된 과적"",""desc"":""돈만 벌면 그만이라는 식의 위험한 차량 통행 방치.""}]",서울 — 성동구청 및 구급 현장 부근,참혹한 사고 현장은 아수라장이다. 성동구청에서는 공무원들이 비밀리에 서류를 파기하라는 지시를 받고 움직이고 있다. 파쇄기 소리가 다리 무너지는 소리처럼 섬뜩하게 들린다.,"저기 파쇄기로 들어가는 서류... ""성수대교 전월 유지 관리 점검 결과""라고 써있어! ""심각한 균열""이라는 문구가 붉은색으로 선명해.","[{""""""""text"""""""":""""""""파쇄기 근처에서 버려진 서류 조각을 줍는다""""""""","""result"""""""":""""""""안전 점검표를 확인했다. 균열이 발견되어 시급한 보수가 필요하다는 기술자의 의견이 빨간 펜으로 """"""""예산 부족 - 다음 분기로 이월""""""""이라며 취소되어 있다.""""""""","""effect"""""""":""""""""mental:-30|stress:40""""""""","""clue"""""""":{""""""""id"""""""":""""""""c_red_line""""""""","""label"""""""":""""""""수정된 안전 점검표""""""""","""desc"""""""":""""""""예산을 아끼기 위해 위험 등급을 임의로 낮게 수정한 물증.""""""""""}}","{""""""""text"""""""":""""""""시청 고위 관리의 가방을 훔쳐본다""""""""","""result"""""""":""""""""사건 발생 직후 """"""""모든 보고는 구두로만 할 것. 서면 기록은 파기할 것""""""""이라는 상부 지시가 담긴 삐삐 기록을 찾았다.""""""""","""effect"""""""":""""""""stamina:-10|mental:-20""""""""","""clue"""""""":{""""""""id"""""""":""""""""c_order_silent""""""""","""label"""""""":""""""""침묵의 명령""""""""","""desc"""""""":""""""""시스템의 결함을 숨기기 위해 조직적으로 움직였던 증적.""""""""""}}","{""""""""text"""""""":""""""""사고 조사 위원의 파일에 접근한다""""""""","""result"""""""":""""""""시공사인 D건설이 건설 당시 기준치 이하의 철근을 사용했음에도 감리자가 이를 눈감아주고 받은 """"""""떡값 명목의 뇌물 장부""""""""를 발견했다.""""""""","""effect"""""""":""""""""money:-10|mental:-30""""""""","""clue"""""""":{""""""""id"""""""":""""""""c_bridge_bribe""""""""","""label"""""""":""""""""감리 유착 장부""""""""","""desc"""""""":""""""""부실 시공을 눈감아주는 대가로 오고 간 검은 돈의 리스트.""""""""""}}]""""",끊어진 다리 무너진 공직 사회 양심의 기록,성수대교 붕괴는 단순한 토목사고가 아닌 책임을 회피하고 예산을 우선시한 공무원들과 이권을 위해 양심을 판 시공사가 빚어낸 거대한 사회적 범죄였음을 당신은 입증했습니다.,1994,1994년 10월 22일,차가운 강바람과 비명이 가득한 성수대교 남단으로 착륙합니다...,TRUE,,,,,,,,,,,,,,,,,,
sampoong95,1990s,동아일보,1995년 06월 30일 금요일,"제 22,104호",삼풍백화점 순식간에 붕괴... 생지옥,징조 무시한 무리한 영업 강행 — 500여 명 사망·실종 사상 최대 참극,"강남의 노른자위에 위치한 최고급 백화점 삼풍이 어제 오후 5시 52분경 무너졌다. [회장 이준]은 붕괴 직전 대책 회의를 가졌으나, ""영업 손실이 우려된다""며 [대피 명령을 거부]했다. 심지어 [기둥 보강] 요구는 묵살되었다.","건설 과정에서의 [뇌물 수수]와 무단 설계 변경 등 온갖 비리로 얽힌 참극이다. 현재 현장에서는 생존자들의 울부짖음과 ""살려달라""는 잔해 속의 목소리가 들리고 있다. 시민들은 충격과 분노에 휩싸여 있다.","""인간의 탐욕이 콘크리트보다 무거웠다. 가려진 뇌물 장부를 찾아라. 무너진 기둥 밑에는 양심이 매몰되어 있다. — 참사 1일 전 퇴사한 직원""","[{""marker"":""[회장 이준]"",""id"":""c_boss"",""label"":""탐욕의 경영자"",""desc"":""직원들의 경고를 무시하고 자신의 이익만을 위해 행동한 인물.""},{""marker"":""[대피 명령을 거부]"",""id"":""c_no_evac"",""label"":""거부된 탈출"",""desc"":""수백 명의 생명을 살릴 마지막 기회를 스스로 차버린 결정.""},{""marker"":""[기둥 보강]"",""id"":""c_column_fix"",""label"":""삭제된 보수공사"",""desc"":""설계 변경으로 인해 하중을 견딜 수 없음을 알면서도 방치한 정황.""},{""marker"":""[뇌물 수수]"",""id"":""c_sampoong_bribe"",""label"":""서초구청 유착"",""desc"":""불법 설계 변경을 허가해주고 구청 공무원들이 받은 뒷돈.""}]",어스름한 서초동 — 삼풍백화점 잔해 앞,참혹한 사고 현장. 소방관들이 사투를 벌이는 사이 누군가는 백화점 사무실 금고에서 문서를 빼내려 하고 있다. 먼지 구덩이 속에서 한 남자가 다급히 가방을 챙겨 달아난다.,"회장의 금고지기가 도망가고 있어. 그 가방 안에 결정적인 증거가 있을 거야. ""중앙 로비 5층 하중 초과 경고""라고 적힌 서류가 보여!","[{""""""""text"""""""":""""""""도망가는 금고지기를 가로막고 가방을 확인한다""""""""","""result"""""""":""""""""가방 안에서 정부 관리들에게 뿌려진 정기적인 뇌물 리스트와 """"""""회장님","에어컨 실외기 이동으로 기둥이 무너지고 있습니다""""""""라는 비서의 긴급 보고서를 발견했다.""""""""","""effect"""""""":""""""""money:-10|mental:-40|stress:50""""""""","""clue"""""""":{""""""""id"""""""":""""""""c_bribery_list""""""""","""label"""""""":""""""""삼풍 뇌물 장부""""""""","""desc"""""""":""""""""부기 기록과 함께 기록된 공무원 매수 기록.""""""""""}}","{""""""""text"""""""":""""""""현장 내부로 들어가 균열된 기둥을 조사한다""""""""","""result"""""""":""""""""두껍게 발린 페인트 아래로","원래 설계보다 훨씬 얇은 철근과 바닷모래를 섞어 만든 푸석한 콘크리트가 그대로 드러난다. 이 건물은 지어질 때부터 묘지였다.""""""""","""effect"""""""":""""""""stamina:-40|mental:-20""""""""","""clue"""""""":{""""""""id"""""""":""""""""c_poor_column""""""""","""label"""""""":""""""""부실 기둥의 실체""""""""","""desc"""""""":""""""""기둥 굵기를 줄여 상가 면적을 넓히려 했던 탐욕의 흔적.""""""""""}}","{""""""""text"""""""":""""""""잔해 속의 생존자를 도우며 정보를 듣는다""""""""","""result"""""""":""""""""겨우 구출된 직원이 피를 흘리며 말한다. """"""""오전에 천장에서 물이 새고 금이 갔는데도... 위에서 입 막으며 장사 시켰어요...""""""""""""""""","""effect"""""""":""""""""stamina:-20|mental:50""""""""","""clue"""""""":{""""""""id"""""""":""""""""c_staff_witness""""""""","""label"""""""":""""""""직원의 마지막 증언""""""""","""desc"""""""":""""""""사고를 막을 수 있었던 수많은 전조 증상을 증언하는 현장 목소리.""""""""""}}]""""",탐욕으로 쌓아 올린 비극의 잔해 삼풍의 진실,삼풍백화점의 비극은 황금만능주의와 부패가 빚어낸 거대한 미필적 고의에 의한 대량 학살이었음을 당신은 참혹한 기록으로 남겼습니다.,1995,1995년 6월 30일,먼지와 비명 소리가 자욱한 서초동 사고 현장으로 착륙합니다...,TRUE,,,,,,,,,,,,,,,,,
imf1997,1990s,대한민국일보,1997년 11월 21일 금요일,"제 18,249호",정부 IMF 구제금융 공식 신청,외환보유고 39억 달러 바닥… 사실상 국가 부도 선언에 열도 충격,"재정경제원은 오늘 오후 2시, 국제통화기금(IMF)에 자금 지원을 공식 요청했다. 외환보유고는 [39억 달러]로 급감했으며, 정부는 지난주까지도 외환 사정이 ""안정적""이라고 [거짓 발표]해왔다. [금 모으기] 소문이 돌기 시작한다.","은행 앞에는 새벽부터 줄이 이어졌으며, 증권가에서는 일부 직원들이 [명패를 챙기는] 모습이 목격됐다. [환율 방어 실패]의 원인을 두고 책임 공방이 거세지고 있다.","""이건 단순한 경제 위기가 아니야. 누군가는 이 폭풍을 미리 알고 미리 배를 채웠다. 진실은 숫자가 아닌 사람들의 표정 속에 있다. — K""","[{""marker"":""[39억 달러]"",""id"":""c_gap"",""label"":""발표와 실제의 괴리"",""desc"":""정부는 사흘 전까지 외환보유고가 충분하다고 대국민 사기를 쳤다.""},{""marker"":""[거짓 발표]"",""id"":""c_lie"",""label"":""조작된 경제 지표"",""desc"":""국가 부도 위기를 국민에게 숨기고 안심시킨 책임자들의 기록.""},{""marker"":""[명패를 챙기는]"",""id"":""c_insider_np"",""label"":""미리 아는 자들"",""desc"":""발표 전날 이미 짐을 싸고 달러를 산 내부자들의 정황.""},{""marker"":""[환율 방어 실패]"",""id"":""c_defense"",""label"":""헛된 자금 소진"",""desc"":""불가능한 환율 방어에 국가의 마지막 자금을 쏟아붓고 실패한 오판.""}]",여의도 금융가,차가워진 가슴으로 여의도로 착륙합니다...,,,[],정해진 비극을 향해 걷는 자,1997년의 차가운 초겨울 국가의 실패 속에서도 개인들의 희망을 모아 일어서려 했던 시대를 기록했습니다.,1997,1997년 11월 21일,차가워진 가슴으로 서울 여의도로 착륙합니다...,FALSE,,,,,,,,,,,,,,,,,,,,,,,,,,,,,,,,,,,
it_bubble,2000s,디지털타임스,2000년 02월 15일 화요일,제 412호,코스닥 지수 연일 최고치... 닷컴 열풍의 명암,"개미 투자자들 ""묻지마 투입"" — 새롬기술 등 수익률 수천 배 기록","전 국민이 주식 시장에 매달리고 있다. 이른바 ""닷컴""만 붙으면 주가가 수직 상승하는 이례적 기현상이 벌어지고 있다. 일부 기업들은 [실체 없는 기술력]을 내세워 막대한 투자금을 모으고 있다는 [내부 고발]이 쏟아지고 있다.","금융감독원은 이상 과열 징후를 포착하고 전면 조사에 착수할 예정이다. 하지만 수공업 수준의 [유령 회사]들이 코스닥에 상장되어 있으며, [해외 유학파] 사장들의 먹튀 소문이 파다하다. 개미들의 대출 투입이 극에 달해 있다.","""거품이 꺼지는 소리가 들린다. 가장 먼저 도망가는 쥐를 찾아라. 테헤란로의 불빛은 축하가 아닌 파멸의 예고일지도 모른다. — 익명의 개발자""","[{""marker"":""[실체 없는 기술력]"",""id"":""c_fake_tech"",""label"":""가공의 기술 보고서"",""desc"":""실제로 존재하지 않는 기술을 있는 것처럼 꾸민 허위 문서.""},{""marker"":""[내부 고발]"",""id"":""c_whistle"",""label"":""익명의 내부 고발자"",""desc"":""회사의 자금이 다른 곳으로 새고 있음을 알리는 내부자의 기록.""},{""marker"":""[유령 회사]"",""id"":""c_ghost_co"",""label"":""텅 빈 아지트"",""desc"":""수천억 가치라면서 사무실엔 컴퓨터조차 없던 회사의 실체.""},{""marker"":""[해외 유학파]"",""id"":""c_abroad_ceo"",""label"":""엘리트 위장 사기"",""desc"":""화려한 학벌을 내세워 대중의 신뢰를 훔친 사기꾼들의 기록.""}]",강남구 테헤란로 — 고가의 IT 사무실 빌딩,테헤란로는 새벽까지 불이 꺼지지 않는다. 모두가 상장 축하 샴페인을 터뜨리고 있지만 빌딩 구석 한 사무실에서는 비밀리에 장부 파쇄기가 쉴 새 없이 돌아가고 있다.,저 회사의 서버실 문틈으로 보이는 건... 서버가 아니라 값싼 깡통 케이스들뿐이야! 기술력이 수천억이라더니 왜 빈 깡통뿐이지?,"[{""""""""text"""""""":""""""""사장의 개인 금고를 몰래 조사한다""""""""","""result"""""""":""""""""기술 개발비 명목의 수백억 원이 사주의 해외 원정 도박 자금과 비자금으로 유용된 영수증 뭉치를 발견했다. 투자자의 꿈은 카지노의 칩으로 변해 있었다.""""""""","""effect"""""""":""""""""money:50|mental:-20|stress:30""""""""","""clue"""""""":{""""""""id"""""""":""""""""c_gamble""""""""","""label"""""""":""""""""해외 도박 영수증""""""""","""desc"""""""":""""""""회사 자금을 횡령하여 공중으로 날려버린 확실한 물증.""""""""""}}","{""""""""text"""""""":""""""""실적 발표용 보도자료 초안을 확보한다""""""""","""result"""""""":""""""""실제 매출은 """"""""0""""""""원인데 """"""""글로벌 상용화 성공 및 수천억 수출 계약 완료""""""""라고 미리 정해놓은 거짓 배포 자료를 확보했다. 대중을 속이기 위한 철저한 기획이다.""""""""","""effect"""""""":""""""""stamina:-10|mental:-10""""""""","""clue"""""""":{""""""""id"""""""":""""""""c_fake_news""""""""","""label"""""""":""""""""조작된 보도자료""""""""","""desc"""""""":""""""""주가를 부양하여 엑시트를 노리고 미리 작성된 거짓 기사.""""""""""}}","{""""""""text"""""""":""""""""직원들의 메신저 대화 기록을 엿본다""""""""","""result"""""""":""""""""""""""""우리 회사 서버도 없는데 상장이 되나요?"""""""" """"""""돈 들어왔으니 내일 다 같이 그만두고 해외로 뜨자.""""""""라는 충격적인 내부 단톡방 내용을 캡처했다.""""""""","""effect"""""""":""""""""mental:-30|stamina:-10""""""""","""clue"""""""":{""""""""id"""""""":""""""""c_chat_log""""""""","""label"""""""":""""""""먹튀 모의 기록""""""""","""desc"""""""":""""""""상장 직후 도망가기로 공모한 경영진과 핵심 인력들의 기록.""""""""""}}]""""",디지털 신기루 테헤란로의 광기와 사기의 기록,IT 버블이라는 화려한 이름 뒤에는 실체 없는 거짓과 선량한 투자자들의 눈물을 제양분 삼은 조직적인 현대식 사기가 있었음을 당신은 명명백백히 기록했습니다.,2000,2000년 2월 15일,엔진 소리 요란한 닷컴 밸리 테헤란로로 착륙합니다...,TRUE,,,,,,,,,,,,,,,,,,,
worldcup02,2000s,일간스포츠,2002년 06월 19일 수요일,호외,이탈리아 격파! 8강 신화 창조의 밤,안정환의 골든골! 온 나라가 붉은 함성으로 뒤덮이며 세계가 경악,"대한민국이 세계적인 강호 이탈리아를 꺾고 기적 같은 8강행에 올라탔다. [붉은 악마]의 조직적인 응원이 거대한 힘이 되었으며, 전국 700만 명의 시민들이 거리로 쏟아져 나온 [사상 유례없는 축제]였다. 광장은 붉게 불타올랐다.",정치권에서는 이번 열기를 국정 쇄신의 동력으로 삼겠다며 반기고 있다. 하지만 일부에서는 과도한 민족주의 고취와 [정치적 이슈 덮기] 아니냐는 시각도 존재한다. 특히 [민감한 법안]들이 축제 중에 통과되었다는 의혹이 있다.,"""모두가 승리에 취해 있을 때, 조용히 책상 위에서 처리된 안건들이 있다. 환호성에 묻힌 진실을 보라. 진실은 골망이 아닌 서류 가방 안에 있다. — K""","[{""marker"":""[붉은 악마]"",""id"":""c_red_devils"",""label"":""거리 응원의 힘"",""desc"":""자발적 시민 모임의 거대한 에너지를 보여준 세계적인 상징.""},{""marker"":""[정치적 이슈 덮기]"",""id"":""c_distraction"",""label"":""축제 속의 침묵"",""desc"":""월드컵 기간 중에 조용히 통과된 정치권의 민감한 법령들.""},{""marker"":""[민감한 법안]"",""id"":""c_sensitive_law"",""label"":""졸속 처리 문건"",""desc"":""국민의 관심이 쏠린 사이 조용히 통과시킨 이권 관련 법률.""},{""marker"":""[사상 유례없는 축제]"",""id"":""c_great_festival"",""label"":""통제된 광장"",""desc"":""순수한 축제의 장이 서서히 정치적 퍼포먼스로 이용되기 시작한 시점.""}]",함성으로 뒤덮인 서울 시청 앞 광장,환호하는 수백만 인파로 가득한 광장. 안정환의 골든골이 터지며 모두가 끌어안고 우는 사이 정부 고위 관리가 대형 건물에서 은밀히 검은 서류 가방을 들고 나가는 모습이 보인다.,"축제 열기 때문에 아무도 저 관리를 신경 쓰지 않아! 헬기에 실려 나가는 저 박스... ""국정 감사 대응 기밀 문서""라고 써있어! 함성 속에 진실이 증발하고 있어.","[{""""""""text"""""""":""""""""인파를 뚫고 관리의 뒤를 쫓는다""""""""","""result"""""""":""""""""관리가 버린 종이 가방에서 """"""""월드컵 기간 중 민감 법안 처리 순서 및 여론 무마 지침""""""""이라는 대외비 문건을 찾았다. 기쁨을 방패로 삼은 계획된 통제다.""""""""","""effect"""""""":""""""""stamina:-30|mental:-10""""""""","""clue"""""""":{""""""""id"""""""":""""""""c_hidden_bill""""""""","""label"""""""":""""""""졸속 처리된 법안들""""""""","""desc"""""""":""""""""국민의 눈이 축구공에 쏠린 사이 조용히 처리된 불리한 법령들.""""""""""}}","{""""""""text"""""""":""""""""응원단 주 본부 텐트 내부를 수색한다""""""""","""result"""""""":""""""""자발적 응원단 내부에 잠입해 여론을 특정 후보에 유리하게 유도하려 했던 요원의 보안 신분증과 구호 리스트를 발견했다. 축제는 기획된 면이 있었다.""""""""","""effect"""""""":""""""""stamina:-10|mental:20""""""""","""clue"""""""":{""""""""id"""""""":""""""""c_agent_id""""""""","""label"""""""":""""""""응원단 위장 요원""""""""","""desc"""""""":""""""""민간 단체를 이용해 관제 분위기를 조성하려 했던 권력의 흔적.""""""""""}}","{""""""""text"""""""":""""""""광장 쓰레기 수거함에 버려진 물건을 조사한다""""""""","""result"""""""":""""""""정부 마크가 찍힌 봉투 안에 """"""""대중의 관심을 스포츠로 국한시키기 위한 방송 보도지침""""""""이 적힌 메모지를 확보했다. 3S의 현대판 부활이다.""""""""","""effect"""""""":""""""""money:10|mental:-10""""""""","""clue"""""""":{""""""""id"""""""":""""""""c_media_guide""""""""","""label"""""""":""""""""언론 유도 지침""""""""","""desc"""""""":""""""""축구 뉴스 외의 정치적 실패 사건들을 보도하지 말라는 압박 기록.""""""""""}}]""""",붉은 함성 뒤에 가려진 소리 없는 통제 2002의 이면,월드컵의 기쁨과 통합은 진실했지만 그 거대한 에너지의 그늘 아래 권력은 국민의 시선을 돌리고 자가용의 이권을 챙기려 했음을 당신은 역사의 한 페이지로 기록했습니다.,2002,2002년 6월 19일,붉은 물결과 진동하는 함성 속 시청 광장으로 착륙합니다...,TRUE,,,,,,,,,,,,,,,,,,,
sewol14,2000s,한겨레,2014년 04월 17일 목요일,"제 8,024호","진도 여객선 침몰... ""구조 작업 난항 속 절규""",승객 476명 중 290여 명 여전히 생사 불명 — 국가 컨트롤타워 마비 비판,"어제 오전 진도 앞바다에서 세월호가 침몰했다. ""가만히 있으라""는 자막 방송만 남긴 채 선장과 승무원들은 [먼저 탈출]했다는 충격적인 폭로가 나왔다. 해경의 초기 [골든타임 대응]이 왜 없었는지 의문이 증폭되고 있다.","단원고 학생들을 포함한 수많은 승객이 여전히 찬 배 안에 갇혀 있다. 현지에서는 구조 지휘 체계의 혼선과 민간 업체 [언딘과의 유착] 의혹이 제기되고 있으며, [대통령 보고] 경선에 대한 불신이 쏟아지고 있다.","""배는 가라앉았고, 진실도 함께 잠기려 한다. 거대한 거짓의 장막이 남도로 날아들고 있다. 통신 기록을 절대 지우지 못하게 해야 한다. — 진도 팽목항에서 K""","[{""marker"":""[먼저 탈출]"",""id"":""c_coward"",""label"":""무책임한 도주"",""desc"":""승객을 버리고 가장 먼저 제 몸 하나 건사하러 도망친 선원들의 정황.""},{""marker"":""[골든타임 대응]"",""id"":""c_golden"",""label"":""사라진 7시간"",""desc"":""구조가 가장 시급했던 시기에 국가 지휘부에서 일어난 의문의 공백.""},{""marker"":""[언딘과의 유착]"",""id"":""c_undine"",""label"":""구조 독점 계약"",""desc"":""민간 업체와의 이권 유착 때문에 정작 필요한 해군 특수부대의 진입이 막힌 흔적.""},{""marker"":""[대통령 보고]"",""id"":""c_report_delay"",""label"":""실시간 가공 보고"",""desc"":""긴급한 현장 상황이 상부로 갈수록 왜곡된 채 보고되었던 비밀 문건.""}]",진도 팽목항 — 차가운 바닷가와 임시 상황실,소금기 섞인 차가운 바람과 흐느낌만이 가득한 상황실. 현장을 통제하는 해경들 사이로 다급히 휴대폰 통신 기록을 삭제하거나 장비를 숨기는 검은 양복의 사람들이 보인다.,"저 상황실 안의 무전 기록... 조작되고 있어! 관공서 기록에는 ""전원 구조""라고 이미 보고되었는데 현장 상황은 정반대잖아.","[{""""""""text"""""""":""""""""해경 상황실의 컴퓨터 서버 로그를 복제한다""""""""","""result"""""""":""""""""실제 사고 보고 시간보다 훨씬 늦게 공식 기록이 수동으로 수정한 흔적을 발견했다. 윗선에 보고하기 전 책임을 회피하기 위해 시간을 """"""""창조""""""""한 증거다.""""""""","""effect"""""""":""""""""mental:-50|stress:60""""""""","""clue"""""""":{""""""""id"""""""":""""""""c_log_hack""""""""","""label"""""""":""""""""조작된 상황 보고서""""""""","""desc"""""""":""""""""대응 실패를 숨기기 위해 보고 시간을 소급하여 수정한 로그 기록.""""""""""}}","{""""""""text"""""""":""""""""청해진 해운 서울 사무실에 잠입한다""""""""","""result"""""""":""""""""배의 평형수를 대량으로 빼고 무거운 화물을 규격 이상으로 과적하여 배가 뒤집히면 바로 침몰할 수밖에 없게 만든 """"""""비용 절감 지침서""""""""를 확보했다.""""""""","""effect"""""""":""""""""stamina:-20|mental:-30""""""""","""clue"""""""":{""""""""id"""""""":""""""""c_illegal_mod""""""""","""label"""""""":""""""""불법 과적 지침서""""""""","""desc"""""""":""""""""이익을 위해 수백 명의 목숨을 담보로 안전을 포기한 선사의 만행.""""""""""}}","{""""""""text"""""""":""""""""상황실 밖에서 주고받는 비밀 전화를 도청한다""""""""","""result"""""""":""""""""""""""""지금 구조 시도하지 마. 유족들 앞에서는 최선 다하는 척만 하고","일단 현장에 우리 측 업체 올 때까지 기다려.""""""""라는 잔인한 지시 사항을 녹음했다.""""""""","""effect"""""""":""""""""mental:-60|stress:70""""""""","""clue"""""""":{""""""""id"""""""":""""""""c_delay_order""""""""","""label"""""""":""""""""구조 지연 명령""""""""","""desc"""""""":""""""""특정 업체의 이권을 챙겨주기 위해 구조의 타이밍을 고의로 늦춘 증거.""""""""""}}]""""",침몰하는 것은 배만이 아니었다 세월호의 감춰진 기록,세월호의 비극은 단순한 조난 사고가 아닌 국가의 무능과 탐욕이 얽혀 평범한 생명들을 바다에 던져버린 거대한 국가적 폭력이었음을 당신은 피로 쓴 기록으로 증명했습니다.,2014,2014년 4월 17일,차가운 비명과 파도 소리가 심장을 때리는 팽목항으로 착륙합니다...,TRUE,,,,,,,,,,,,,,,,,,
martial24,2000s,연합뉴스TV (속보),2024년 12월 03일 화요일,긴급 호외,비상계엄 전격 선포... 여의도 국회 봉쇄,"윤 대통령 심야 40분 긴급 담화 — ""반국가 세력 척결"" 명분 내세워","3일 밤 10시 23분경, 대통령이 전격적으로 비상계엄을 선포했다. [계엄 사령부]는 국회와 주요 언론사를 즉각 장악하기 위해 중무장한 특전사를 투입했으며, 국회의원들의 출입을 [무력으로 차단]하고 국회를 겹겹이 에워쌌다.","수많은 시민들은 분노하며 국회 앞으로 모여들었고, [계엄 포고령 1호]는 정치 활동의 전면 금지를 명시했다. [용산 대통령실] 부근은 삼엄한 경비 속에 긴장이 극에 달했으며, 국가 시스템 미분양 우려가 증폭되고 있다.","""잠들지 마라. 민주주의의 심장이 멎으려 하고 있다. 진실한 명령의 출처는 용산인가, 아니면 그 너머의 누군가인가. — 광장의 시민기자""","[{""marker"":""[계엄 사령부]"",""id"":""c_martial_cmd"",""label"":""비정상적 명령 체계"",""desc"":""국방부와 합참의 공식 절차를 패싱한 채 일부 세력에 의해 강행된 계엄의 기록.""},{""marker"":""[무력으로 차단]"",""id"":""c_force_block"",""label"":""헌법 기관 유린"",""desc"":""주권자의 대의 기관인 국회를 총칼로 마비시키려 했던 불법적인 군 투입 증적.""},{""marker"":""[계엄 포고령 1호]"",""id"":""c_decree_1"",""label"":""언론 자유 살해"",""desc"":""언론사와 출판물을 검열하고 통제하여 국민의 눈과 귀를 가리려 했던 공포의 문서.""},{""marker"":""[용산 대통령실]"",""id"":""c_yongsan"",""label"":""심야의 작전"",""desc"":""모두가 잠든 밤, 소수의 측근과 모여 불법적인 계엄을 최종 기획했던 흔적.""}]",진눈깨비 내리는 여의도 국회의사당 정문 앞,눈 섞인 차가운 겨울비가 내리는 여의도 광장. 대형 수송 헬기 소리가 머리 위에서 포효하고 총을 든 군인들이 깨진 창문을 통해 국회 본청으로 성급히 진입하고 있다.,"저기 땅에 떨어진 군 지휘관의 서류... ""정치인 검거 및 주요 시설 소거 계획""라고 적혀 있어! 포고령이 나오기도 전에 이미 체포 명단이 작성되어 있었던 거야.","[{""""""""text"""""""":""""""""특전사의 이동 경로를 추적해 유실된 작전 지시서를 확보한다""""""""","""result"""""""":""""""""계엄 사령관의 이름으로 이미 선포 전부터 작성되어 있던 """"""""주요 인사 긴급 구금 및 계엄 선포 시나리오"""""""" 문건을 발견했다. 이는 사전에 치밀하게 준비된 쿠데타적 도발이었다.""""""""","""effect"""""""":""""""""stamina:-40|mental:-10|stress:50""""""""","""clue"""""""":{""""""""id"""""""":""""""""c_arrest_list""""""""","""label"""""""":""""""""불법 구금 계획서""""""""","""desc"""""""":""""""""선포 직후 특정 정치인들을 체포하여 의사정족수를 미달하게 만들려 했던 비밀 문서.""""""""""}}","{""""""""text"""""""":""""""""국회 담장 너머 본회의장 상황을 영상으로 기록한다""""""""","""result"""""""":""""""""무장한 군인들의 물리적 압박 속에서도 한 표를 행사하기 위해 창틀을 타고 넘어가는 의원들과 이를 지탱하는 시민들의 분투를 기록했다. 진실의 증거다.""""""""","""effect"""""""":""""""""mental:50|stamina:-20""""""""","""clue"""""""":{""""""""id"""""""":""""""""c_vote_record""""""""","""label"""""""":""""""""해제 결의의 역사""""""""","""desc"""""""":""""""""불법 계엄을 단 6시간 만에 무력화시킨 주권자들의 기록적 저항 흔적.""""""""""}}","{""""""""text"""""""":""""""""현장에 투입된 군인 중 한 명에게 질문을 던진다""""""""","""result"""""""":""""""""""""""""우리는 그냥 훈련인 줄 알고 왔습니다. 북괴군 침투라고 해서...""""""""라고 당황하며 총기를 내려놓는 어린 장병의 떨리는 증언을 확보했다. 대규모 기만극이었다.""""""""","""effect"""""""":""""""""mental:30|stress:-10""""""""","""clue"""""""":{""""""""id"""""""":""""""""c_soldier_talk""""""""","""label"""""""":""""""""군 병력 기만 작전""""""""","""desc"""""""":""""""""투입된 예하 부대에조차 거짓 정보를 흘려 무력 투입의 정당성을 조작하려 했던 사실.""""""""""}}]""""",가장 길고 차가웠던 6시간 민주주의를 숨 쉬게 한 기록,갑작스럽게 덮쳐온 계엄의 공포와 물리적 위협 속에서도 시민의 깨어있는 의식과 헌법적 저항이 독재의 회귀를 극적으로 막아냈음을 당신은 역사의 증인이 되어 선명히 기록했습니다.,2024,2024년 12월 3일,역사가 거꾸로 흐르려 하는 긴박한 여의도 광장으로 착륙합니다...,TRUE,,,,,,,,,,,,,,,,,,,
H81_PURGE,1980s,사회정의신보,1981년 1월 25일,제42호,"삼청교육대, ""정화""라는 이름의 생지옥",불량배 소탕 작전 뒤에 숨겨진 인권 유린의 현장,군부대 내부에 설치된 [삼청교육대]의 함성이 끊이지 않는다. 입소자들은 [붉은 번호표]를 가슴에 달고 매일 아침 [연병장 기합]으로 하루를 시작한다. 담장 너머로는 [구타용 몽둥이]가 부러지는 소리가 들린다는 증언이 잇따른다.,"현장 감독관은 [순화 교육용 교재]를 강제로 외우게 하며 저항을 짓밟는다. 수용자들의 [낡은 고무신]은 흙먼지에 뒤덮여 주인을 잃어가고 있다. 이것은 사회 정화인가, 아니면 공포를 통한 길들이기인가?",군부 정권 초기 인권 탄압의 상징,"[{\marker"":""[삼청교육대]""","""id"":""c_81_p1""","""label"":""수용소 지도""","""desc"":""삼청교육대의 은밀한 위치와 감시 초소가 표시된 지도.""}","{""marker"":""[붉은 번호표]""","""id"":""c_81_p2""","""label"":""수용자 번호""","""desc"":""이름 대신 불렸던 치욕적인 번호표.""}","{""marker"":""[연병장 기합]""","""id"":""c_81_p3""","""label"":""가혹행위 기록""","""desc"":""비인간적인 기합으로 사망자가 발생했음을 암시하는 일지.""}","{""marker"":""[구타용 몽둥이]""","""id"":""c_81_p4""","""label"":""피 묻은 각목""","""desc"":""상습적인 폭행의 흔적이 남은 나무 몽둥이.""}","{""marker"":""[순화 교육용 교재]""","""id"":""c_81_p5""","""label"":""세뇌 지침서""","""desc"":""정권의 정당성을 강요하는 편향된 교육 자료.""}]""",연천 소재 군부대 수용소,당신은 사라진 동생을 찾기 위해 기자로 위장하여 수용소 근처로 접근한다. 철조망 너머에서 들려오는 비명소리 속에서 진실을 확보해야 한다.,정의는 때로 악마의 가면을 쓰고 나타나 평범한 이들을 집어삼킨다.,"[{\text"":""위험을 무릅쓰고 내부로 잠입한다""","""result"":""사망자 명단과 은폐된 시신 유기 장소를 발견했다.""","""effect"":""stamina:-30|mental:-20""","""clue"":{""id"":""c_81_p7""","""label"":""사망 진단서""","""desc"":""사인 조작의 결정적 증거.""}}","{""text"":""탈출한 수용자를 보호하고 증언을 듣는다""","""result"":""참혹한 내부 실태를 세상에 알릴 인터뷰를 확보했다.""","""effect"":""money:-2000|stress:30""","""clue"":{""id"":""c_81_p8""","""label"":""증언 녹음""","""desc"":""공포에 떨며 말하는 현장 폭로 녹취.""}}","{""text"":""경비 부대원을 포섭하여 정보를 산다""","""result"":""상부의 지휘 체계가 담긴 문서를 입수했다.""","""effect"":""money:-10000|stamina:-5""","""clue"":{""id"":""c_81_p9""","""label"":""작전 명령서""","""desc"":""정치적 목적의 강제 수용 지시서.""}}]""",지옥에서 돌아온 기록,삼청교육대의 참상은 당신의 기록을 통해 훗날 청문회의 결정적 증거가 되었다.,1981,1981-01-25,"살을 에는 추위 속, 절규가 울려 퍼지는 수용소 근처에 도착했습니다.",FALSE
H82_LOAN,1980s,대한경제,1982년 5월 4일,제15호,"큰손 장 여사, 어음 사기의 여왕","사상 초유의 7천억 사기극, 권력층 연루 의혹",[유령 어음] 7천억 원이 공중으로 사라졌다. 명동의 [비밀 금고]에는 실세들의 이름이 적힌 [가계부]가 숨겨져 있다는 소문이다. 장 여사는 [청와대 인맥]을 과시하며 금융계를 주물렀다.,그녀가 남긴 [위조 법인 인감]은 수많은 기업을 도산으로 몰아넣었다. [사채 장부]를 추적하던 검찰은 윗선의 압박에 수사를 중단할 위기에 처했다. 진실은 명동 지하에 숨겨져 있다.,금융권 최대의 스캔들,"[{\marker"":""[유령 어음]""","""id"":""c_82_l1""","""label"":""위조 어음""","""desc"":""존재하지 않는 자금을 담보로 발행된 종이 조각.""}","{""marker"":""[비밀 금고]""","""id"":""c_82_l2""","""label"":""금고 열쇠""","""desc"":""장 여사가 단골 호텔에 맡겨둔 금고의 열쇠.""}","{""marker"":""[가계부]""","""id"":""c_82_l3""","""label"":""정치 자금 명부""","""desc"":""정권 실세들에게 흘러간 뇌물 액수가 적힌 비밀 기록.""}","{""marker"":""[청와대 인맥]""","""id"":""c_82_l4""","""label"":""기념 사진""","""desc"":""고위직 인사와 함께 웃고 있는 장 여사의 사진.""}","{""marker"":""[위조 법인 인감]""","""id"":""c_82_l5""","""label"":""위조 도장""","""desc"":""수많은 기업을 도산으로 몰아넣은 정교한 위조 인감.""}]""",명동 사채시장 뒷골목,지하 경제의 여왕이 몰락하며 남긴 파편들. 그 조각을 맞추면 제5공화국 심장부의 부패가 드러날 것이다.,돈은 권력의 피다. 피가 오염되면 몸 전체가 썩기 마련이다.,"[{\text"":""명동 사채업자를 매수한다""","""result"":""장 여사의 자금 세탁 경로를 파악했다.""","""effect"":""money:-10000|stress:10""","""clue"":{""id"":""c_82_l6""","""label"":""세탁된 수표""","""desc"":""일련번호가 지워진 거액의 수표.""}}","{""text"":""검찰의 수사 파일을 훔친다""","""result"":""상부에서 삭제를 지시한 명단을 발견했다.""","""effect"":""stamina:-20|mental:-10""","""clue"":{""id"":""c_82_l7""","""label"":""X-파일""","""desc"":""정권 실세들의 차명 계좌 번호.""}}","{""text"":""장 여사의 비서를 설득한다""","""result"":""그녀가 마지막으로 만난 인물의 정체를 알아냈다.""","""effect"":""mental:-20|stress:20""","""clue"":{""id"":""c_82_l8""","""label"":""녹음 테이프""","""desc"":""살기 섞인 회유의 목소리.""}}]""",단군 이래 최대의 금융 사기,"권력은 그녀를 꼬리 자르기로 버렸으나, 당신은 그 몸통이 누구인지 역사에 새겼다.",1982,1982-05-04,"지하 경제의 중심지, 명동의 뒷골목에 잠입합니다.",FALSE
H83_FAMILY,1980s,KBS특별취재,1983년 6월 30일,제88호,"이산가족 찾기, 여의도의 통곡","헤어진 지 30년, 이름 석 자에 담긴 기적",여의도 광장은 [벽보]로 뒤덮였다. [빛바랜 가족사진]을 든 노인이 카메라 앞에서 오열한다. 누군가는 [흉터]를 증거로 내밀며 형제를 찾는다.,방송국 복도에는 [작별의 편지]가 가득 쌓여 있다. [반으로 찢어진 은가락지]를 맞추며 30년의 세월을 확인한다. 기적과 절망이 교차하는 현장이다.,분단의 아픔이 서린 현장,"[{\marker"":""[벽보]""","""id"":""c_83_f1""","""label"":""실종자 전단""","""desc"":""생사 확인을 원하는 간절한 글씨들이 적힌 종이.""}","{""marker"":""[빛바랜 가족사진]""","""id"":""c_83_f2""","""label"":""흑백 사진""","""desc"":""전쟁 전 행복했던 순간이 담긴 유일한 유물.""}","{""marker"":""[흉터]""","""id"":""c_83_f3""","""label"":""흉터의 위치""","""desc"":""어린 시절 사고로 얻은 형제만의 비밀 증표.""}","{""marker"":""[작별의 편지]""","""id"":""c_83_f4""","""label"":""피난길 서신""","""desc"":""1.4 후퇴 당시 전달되지 못한 마지막 안부.""}","{""marker"":""[반으로 찢어진 은가락지]""","""id"":""c_83_f5""","""label"":""가락지 조각""","""desc"":""다시 만날 날을 기약하며 나눠 가졌던 징표.""}]""",KBS 여의도 광장,"수천 개의 벽보 사이에서 누군가는 기적을 찾고, 누군가는 사기꾼의 덫에 걸린다. 당신은 가짜 상봉을 막고 진실한 만남을 도와야 한다.",전쟁은 끝났어도 가족을 잃은 이들의 전쟁은 매일 계속된다.,"[{\text"":""벽보 사이의 사기꾼을 색출한다""","""result"":""간절함을 이용해 돈을 뜯던 브로커를 잡았다.""","""effect"":""stamina:-10|mental:10""","""clue"":{""id"":""c_83_f6""","""label"":""가짜 족보""","""desc"":""사기에 사용된 조작된 문서.""}}","{""text"":""방송 장비를 수리한다""","""result"":""지연되던 생방송이 재개되어 더 많은 사람이 연결되었다.""","""effect"":""stamina:-20|stress:10""}","{""text"":""유가족의 사연을 대필한다""","""result"":""더 많은 제보가 쏟아져 극적인 상봉을 도왔다.""","""effect"":""mental:20|stamina:-10""}]""",누가 이 사람을 모르시나요,"이산의 한은 방송을 타고 전 세계의 심장을 울렸고, 분단의 비극을 다시금 일깨웠다.",1983,1983-06-30,눈물바다가 된 여의도 광장 한복판에 서 있습니다.,FALSE,,,,,,
H86_MONSTER,1980s,경기남부뉴스,1986년 9월 15일,제01호,"화성 연쇄 살인, 안개 속의 괴물","비 오는 날의 논두렁, 또 다른 시신이 발견되었다",안개가 자욱한 논두렁에서 [매듭진 스타킹]이 발견되었다. 시신은 [교차된 팔]의 기괴한 형태로 방치되어 있었다. 현장에는 [빨간 손수건]이 떨어져 있었다.,경찰은 [낡은 군화 자국]을 추적 중이다. 목격자는 [창백한 얼굴]의 남자를 보았다고 주장한다. 마을은 공포에 짓눌려 문을 걸어 잠갔다.,미제 사건의 공포,"[{\marker"":""[매듭진 스타킹]""","""id"":""c_86_m1""","""label"":""범행 도구""","""desc"":""피해자의 소지품으로 정교하게 묶인 매듭.""}","{""marker"":""[교차된 팔]""","""id"":""c_86_m2""","""label"":""시신 배치""","""desc"":""범인만의 비틀린 의식을 암시하는 자세.""}","{""marker"":""[빨간 손수건]""","""id"":""c_86_m3""","""label"":""피해자 소지품""","""desc"":""피해자가 평소 아끼던 유류품.""}","{""marker"":""[낡은 군화 자국]""","""id"":""c_86_m4""","""label"":""족적""","""desc"":""흔치 않은 크기와 문양의 신발 자국.""}","{""marker"":""[창백한 얼굴]""","""id"":""c_86_m5""","""label"":""몽타주""","""desc"":""목격자의 공포 섞인 증언으로 그려진 인상착의.""}]""",화성시 태안읍,어둠이 내리면 마을은 숨을 죽인다. 당신은 공권력이 무력화된 이 현장에서 범인의 냄새를 맡아야 한다.,악은 평범한 이웃의 얼굴을 하고 안개 속에 숨어 있다.,"[{\text"":""현장을 보존하고 정밀 조사한다""","""result"":""범인의 것으로 추정되는 체모를 확보했다.""","""effect"":""stamina:-10|mental:-5""","""clue"":{""id"":""c_86_m6""","""label"":""담배꽁초""","""desc"":""현장에 남겨진 범인의 유전자 정보.""}}","{""text"":""주민들의 알리바이를 전수 조사한다""","""result"":""의심스러운 외지인을 발견했으나 증거가 부족하다.""","""effect"":""stress:30|stamina:-20""}","{""text"":""비 오는 밤","미끼 수사를 제안한다""","""result"":""범인을 마주칠 뻔했으나 놓쳤다. 공포가 극에 달한다.""","""effect"":""mental:-40|stamina:-20""}]""",안개 속으로 사라진 살인마,"진실은 수십 년의 시간 속에 매몰되었고, 화성은 긴 시간 동안 공포의 상징이 되었다.",1986,1986-09-15,어둠과 안개에 잠긴 화성의 들판으로 향합니다.,FALSE,,,,,
H87_CHUL,1980s,남영동특보,1987년 1월 14일,제14호,"책상을 ""탁"" 치니 ""억"" 하고 죽었다?","박종철 고문 치사 사건, 경찰의 뻔뻔한 거짓말",[욕조]가 있는 509호실에서 비명소리가 그쳤다. 경찰은 [물기 젖은 옷]을 치우며 실족사라 주장한다. 바닥에는 [검은 전기선]이 굴러다닌다.,의사는 [복부의 멍자국]을 보고 고개를 저었다. 현장을 목격한 [교도관의 쪽지]가 밖으로 전달될 수 있을까? [검찰청 일지]에는 이미 조작의 흔적이 가득하다.,6월 항쟁의 기폭제,"[{\marker"":""[욕조]""","""id"":""c_87_c1""","""label"":""물고문 욕조""","""desc"":""비인간적인 고문이 자행된 차가운 물통.""}","{""marker"":""[물기 젖은 옷]""","""id"":""c_87_c2""","""label"":""증거물""","""desc"":""심장마비라기엔 너무나 흠뻑 젖어 있는 학생의 옷.""}","{""marker"":""[검은 전기선]""","""id"":""c_87_c3""","""label"":""전기 고문 장치""","""desc"":""피해자에게 극심한 고통을 준 도구.""}","{""marker"":""[복부의 멍자국]""","""id"":""c_87_c4""","""label"":""부검 소견""","""desc"":""외인사임을 증명하는 결정적인 신체적 증거.""}","{""marker"":""[교도관의 쪽지]""","""id"":""c_87_c5""","""label"":""비밀 서신""","""desc"":""사건의 전말을 적어 외부로 빼돌리려 한 쪽지.""}]""",남영동 대공분실,공권력이라는 이름의 폭력이 한 청년을 앗아갔다. 진실을 밝히지 않으면 다음은 당신 차례다.,"거짓은 잠시 눈을 가릴 수 있지만, 진실은 벽을 뚫고 나온다.","[{\text"":""부검의를 설득하여 진실을 쓰게 한다""","""result"":""외인사라는 확정 판결을 이끌어냈다.""","""effect"":""mental:-20|stress:40""","""clue"":{""id"":""c_87_c6""","""label"":""양심 선언문""","""desc"":""부검의가 작성한 실제 사인 기록.""}}","{""text"":""천주교 정의구현사제단에 알린다""","""result"":""폭로가 시작되어 전국적인 여론이 들끓는다.""","""effect"":""stamina:-10|mental:10""}","{""text"":""대공분실의 내부 구조를 촬영한다""","""result"":""고문의 밀실이 세상에 적나라하게 드러났다.""","""effect"":""stamina:-30|money:-1000""}]""",타오르는 촛불의 서막,한 청년의 죽음은 헛되지 않았다. 그의 죽음은 잠자던 6월의 거인을 깨웠다.,1987,1987-01-14,공포가 지배하는 남영동 대공분실 근처를 조사합니다.,FALSE,,,,,,
H87_SUZIKIM,1980s,대공수사보,1987년 1월 26일,제202호,"여간첩 수지 김의 실체, 홍콩판 마타하리?",남편 윤 씨의 극적인 탈출과 북한 공작의 전말,홍콩에서 살해된 [수지 김]의 시신이 발견되었다. 남편 윤 씨는 그녀가 [북한 공작원]이었다고 주장하며 사선을 넘어 귀순했다. 현장에는 [피 묻은 카페트]와 정체불명의 [암호문]이 남겨져 있다.,"하지만 그녀의 소지품에서 발견된 [가족사진]은 평범한 주부의 모습뿐이다. 수사관들은 윤 씨의 [여권 기록]에서 모순점을 발견했다. 이것은 간첩 사건인가, 아니면 추악한 살인 은폐인가?",국가에 의해 조작된 간첩 사건의 비극,"[{\marker"":""[수지 김]""","""id"":""c_87_s1""","""label"":""피살자 신원""","""desc"":""홍콩에서 살해된 김옥분(수지 김)의 신상 기록.""}","{""marker"":""[북한 공작원]""","""id"":""c_87_s2""","""label"":""위조된 간첩 증거""","""desc"":""안기부가 조작한 간첩 활동 보고서.""}","{""marker"":""[피 묻은 카페트]""","""id"":""c_87_s3""","""label"":""살해 현장 파편""","""desc"":""홍콩 아파트 현장에서 수거된 혈흔이 묻은 천 조각.""}","{""marker"":""[암호문]""","""id"":""c_87_s4""","""label"":""조작된 난수표""","""desc"":""윤 씨의 범행을 덮기 위해 안기부가 급조한 가짜 암호.""}","{""marker"":""[가족사진]""","""id"":""c_87_s5""","""label"":""유품 사진""","""desc"":""한국에 남겨진 가족들을 그리워하며 찍은 평범한 사진.""}]""",홍콩 및 안기부 취조실,남편의 거짓말과 국가의 이해관계가 맞물려 한 여성을 간첩으로 만들었다. 당신은 억울한 죽음의 진실을 밝히고 국가의 기만을 폭로해야 한다.,애국이라는 명분 아래 개인의 삶은 너무도 쉽게 난도질당한다.,"[{\text"":""홍콩 현지 경찰의 수사 자료를 입수한다""","""result"":""윤 씨가 범인임을 지목한 홍콩 경찰의 보고서를 확보했다.""","""effect"":""stamina:-20|money:-5000""","""clue"":{""id"":""c_87_s6""","""label"":""홍콩 경찰 리포트""","""desc"":""현지에서 이미 결론 난 살인 사건 기록.""}}","{""text"":""수지 김의 가족들을 만나 인터뷰한다""","""result"":""그녀가 간첩일 리 없다는 눈물 섞인 증언을 들었다.""","""effect"":""mental:-20|stress:10""}","{""text"":""안기부 내부 고발자를 포섭한다""","""result"":""사건 조작을 지시한 상부의 전문을 확보했다.""","""effect"":""stamina:-10|stress:40""","""clue"":{""id"":""c_87_s7""","""label"":""공작 실행 문서""","""desc"":""'수지 김'을 간첩으로 만들라는 지시가 담긴 문서.""}}]""","조작된 애국, 죽은 자의 명예","진실은 십수 년이 지나서야 밝혀졌고, 당신이 남긴 기록은 그 긴 세월 동안 꺼지지 않는 불씨가 되었다.",1987,1987-01-26,거짓과 음모가 뒤섞인 홍콩의 밤거리로 진입합니다.,FALSE,,,
H88_JIGANG,1980s,도시일보,1988년 10월 8일,제12호,"유전무죄 무전유죄, 지강헌 탈주극","""돈 있으면 무죄, 돈 없으면 유죄인 세상에 복수한다""",[비지스의 Holiday]가 울려 퍼지는 방 안. 지강헌은 [깨진 유리 조각]을 목에 대고 저항한다. 현장에는 탈주범들의 [낡은 운동화]가 흩어져 있다.,그들은 [보호감호법]의 부당함을 외치며 인질극을 벌이고 있다. 인질이 작성한 [편지]에는 탈주범들에 대한 연민이 담겨 있다. 경찰의 저격용 총이 창문을 조준하고 있다.,사회적 불평등에 대한 처절한 외침,"[{\marker"":""[비지스의 Holiday]""","""id"":""c_88_j1""","""label"":""카세트 테이프""","""desc"":""지강헌이 마지막 순간 요청했던 음악.""}","{""marker"":""[깨진 유리 조각]""","""id"":""c_88_j2""","""label"":""최후의 도구""","""desc"":""자살 시도에 사용된 날카로운 유리 파편.""}","{""marker"":""[낡은 운동화]""","""id"":""c_88_j3""","""label"":""탈주 흔적""","""desc"":""가난한 탈주범들의 고단한 삶이 배어 있는 신발.""}","{""marker"":""[보호감호법]""","""id"":""c_88_j4""","""label"":""법전 조항""","""desc"":""이중 처벌의 소지가 있는 독소 조항 기록.""}","{""marker"":""[편지]""","""id"":""c_88_j5""","""label"":""인질의 메모""","""desc"":""탈주범들이 자신들을 해치지 않았다는 증언.""}]""",서울 북가좌동 주택가,"범죄자인가, 시대의 희생양인가. 총성이 울리기 전 그들의 진짜 목소리를 들어야 한다.","법은 누구에게나 평등해야 하지만, 가난은 그 평등조차 빼앗아간다.","[{\text"":""지강헌과 대화를 시도한다""","""result"":""그의 억울한 사연을 전 국민에게 중계했다.""","""effect"":""mental:-10|stress:40""","""clue"":{""id"":""c_88_j6""","""label"":""최후의 육성""","""desc"":""녹음기에 담긴 그의 절규.""}}","{""text"":""음식물에 진정제를 타서 전달한다""","""result"":""인질들을 무사히 구조했으나 비극적인 결말을 맞았다.""","""effect"":""stamina:-10|mental:-20""}","{""text"":""경찰의 강제 진입을 만류한다""","""result"":""협상을 유도하려 했으나 결국 유혈 사태가 벌어졌다.""","""effect"":""stamina:-30|stress:20""}]""",비극으로 끝난 일요일의 연주곡,총성은 멎었으나 '유전무죄 무전유죄'라는 말은 유령처럼 한국 사회를 떠돌게 되었다.,1988,1988-10-08,긴박함이 감도는 북가좌동 주택가로 접근합니다.,FALSE,,,,,,
H88_PARK,1980s,서울신문,1988년 9월 17일,제88호,"축제 뒤의 그림자, 상계동 철거민의 눈물",88 올림픽의 화려함에 가려진 가난한 자들의 퇴거,"[잠실 주경기장]의 환호성이 울려 퍼지지만, 경기장 뒤편에선 [강제 철거]가 한창이다. 미관을 해친다는 이유로 쫓겨난 이들의 [찢겨진 천막]이 길가에 널려 있다.",관광객용 [임시 가림막] 뒤에는 가난한 자들의 [판자촌]이 숨겨져 있다. 경찰은 [부랑자 단속]이라는 명목으로 시민들을 연행한다. 축제는 누구를 위한 것인가?,성장의 광기 속에 소외된 도시 빈민들,"[{\marker"":""[잠실 주경기장]""","""id"":""c_88_p1""","""label"":""올림픽 입장권""","""desc"":""화려한 개막식을 알리는 VIP용 티켓.""}","{""marker"":""[강제 철거]""","""id"":""c_88_p2""","""label"":""철거 계고장""","""desc"":""국가 행사를 위해 집을 비우라는 일방적 통보서.""}","{""marker"":""[찢겨진 천막]""","""id"":""c_88_p3""","""label"":""저항의 흔적""","""desc"":""철거민들이 마지막까지 휘둘렀던 낡은 천 조각.""}","{""marker"":""[임시 가림막]""","""id"":""c_88_p4""","""label"":""선전용 합판""","""desc"":""가난을 가리기 위해 급하게 세운 가벽.""}","{""marker"":""[판자촌]""","""id"":""c_88_p5""","""label"":""생활 도구""","""desc"":""철거 전 주민들이 살았던 흔적이 남은 가재도구.""}]""",상계동 및 잠실 일대,올림픽의 성공을 외치는 확성기 소리 사이로 무너진 집들의 잔해가 굴러다닌다. 당신은 이 화려한 조명 뒤의 어두운 진실을 기록해야 한다.,국가의 영광이 개인의 비극을 정당화할 수는 없다.,"[{\text"":""철거민 투쟁 현장을 취재한다""","""result"":""용역 깡패의 폭력을 증명하는 사진을 찍었다.""","""effect"":""stamina:-20|mental:-10""","""clue"":{""id"":""c_88_p6""","""label"":""결정적 사진""","""desc"":""공권력과 결탁한 폭력을 증언하는 필름.""}}","{""text"":""해외 취재진에게 실상을 알린다""","""result"":""외신 보도를 통해 정부의 이중성을 폭로했다.""","""effect"":""stress:40|stamina:-10""}","{""text"":""정부 선전 담당자를 매수한다""","""result"":""빈민가 은폐 작전의 세부 계획서를 입수했다.""","""effect"":""money:-3000|stress:20""}]""",축제가 남긴 지울 수 없는 상흔,당신이 기록한 상계동의 눈물은 성장의 광기 속에서 작은 경종이 되었다.,1988,1988-09-17,"오륜기가 휘날리는 경기장 뒤편, 무너진 가옥들 사이에 서 있습니다.",FALSE,,,,,,
H82_INDAL,1980s,국제안보보,1982년 2월 23일,제05호,"인달리 호의 비극, 공해상의 총성",미얀마 상공의 비행기가 아닌 바다 위의 테러,[인달리 호]에서 의문의 화재가 발생했다. 선원들은 [구명정]에 오르기도 전에 사살당했다. 해상에는 [북한제 무기] 파편들이 떠다니고 있다.,생존자의 [증언 녹음]에는 긴박했던 교전 상황이 담겨 있다. 정부는 북한의 [해상 테러]로 규정했다. 하지만 선박의 [항해 일지]에는 지워진 기록이 있다.,해상에서 벌어진 의문의 도발 사건,"[{\marker"":""[인달리 호]""","""id"":""c_82_i1""","""label"":""선박 잔해""","""desc"":""침몰한 화물선의 불타버린 파편.""}","{""marker"":""[구명정]""","""id"":""c_82_i2""","""label"":""파손된 보트""","""desc"":""총탄 자국이 선명한 구호 장비.""}","{""marker"":""[북한제 무기]""","""id"":""c_82_i3""","""label"":""AK 소총 탄피""","""desc"":""북한 공작 부대가 사용한 것으로 추정되는 탄피.""}","{""marker"":""[증언 녹음]""","""id"":""c_82_i4""","""label"":""선원의 육성""","""desc"":""공격받는 순간의 처절한 비명 소리.""}","{""marker"":""[항해 일지]""","""id"":""c_82_i5""","""label"":""조작된 기록""","""desc"":""사건 전후의 항로가 누락된 기록물.""}]""",남중국해 인근 해역,"망망대해에서 벌어진 잔혹한 학살. 북한의 소행인가, 아니면 다른 무언가가 숨겨져 있는가? 당신은 바다 밑에 가라앉은 진실을 건져 올려야 한다.","바다는 모든 비밀을 삼키지만, 파편은 언젠가 해변으로 돌아온다.","[{\text"":""사고 해역에서 잠수 수색을 한다""","""result"":""기체 조각에서 시한폭탄의 장치를 찾아냈다.""","""effect"":""stamina:-40|stress:30""","""clue"":{""id"":""c_82_i6""","""label"":""기폭 장치""","""desc"":""정교하게 설계된 폭파 장치의 잔해.""}}","{""text"":""정보사령부 내부 자료를 훔친다""","""result"":""이 사건이 사전에 예고되었음을 알게 되었다.""","""effect"":""stamina:-20|money:-3000""}","{""text"":""생존 선원을 은밀히 만난다""","""result"":""그가 본 '공격자'의 정체가 신문 내용과 다름을 확인했다.""","""effect"":""mental:-20|stress:10""}]""",파도에 씻기지 않는 진실,당신은 국가가 덮으려 했던 해상 참사의 결정적 단서를 확보해 역사에 남겼다.,1982,1982-02-23,파도가 거친 남중국해의 공해상으로 향합니다.,FALSE,,,,,,
H81_UNI,1980s,교육민보,1981년 11월 25일,제10호,"윤상원과 박기순, 영혼 결혼식","""임을 위한 행진곡""의 탄생 배경",[녹음기]에서 거친 노래가 흘러나온다. 가사는 [신문지]에 급히 휘갈겨 쓴 것이다. [광주 5월]의 영혼들을 달래기 위한 [비밀 모임]이 열렸다.,신랑은 광주에서 전사했고 신부는 노동 운동 중 사망했다. [영혼 결혼식 안내문]에는 슬픔보다 강한 결의가 담겨 있다. 이 노래는 곧 [금지곡]이 될 것이다.,저항의 상징이 된 민중 가요의 역사,"[{\marker"":""[녹음기]""","""id"":""c_81_u1""","""label"":""릴 테이프""","""desc"":""최초로 녹음된 임을 위한 행진곡 음원.""}","{""marker"":""[신문지]""","""id"":""c_81_u2""","""label"":""자필 가사""","""desc"":""황석영이 급히 적어 내려간 노래 가사 조각.""}","{""marker"":""[광주 5월]""","""id"":""c_81_u3""","""label"":""희생자 명단""","""desc"":""결혼식 주인공이 포함된 전사자 기록.""}","{""marker"":""[비밀 모임]""","""id"":""c_81_u4""","""label"":""초대장""","""desc"":""감시를 피해 전달된 은밀한 쪽지.""}","{""marker"":""[금지곡]""","""id"":""c_81_u5""","""label"":""불온 가요 목록""","""desc"":""정부가 배포 금지 명령을 내린 곡 리스트.""}]""",광주 망월동 묘역,죽어서야 맺어진 부부의 슬픈 노래. 당신은 이 노래가 잊히지 않도록 전국으로 퍼뜨리는 임무를 맡았다.,산 자들은 말한다. 죽은 자의 뜻을 잊지 않겠다고.,"[{\text"":""테이프를 복제하여 배포한다""","""result"":""노래가 들불처럼 번져나가 저항의 상징이 되었다.""","""effect"":""stamina:-20|money:-1000""}","{""text"":""경찰의 검문을 뚫고 원본을 사수한다""","""result"":""귀중한 원본 테이프를 안전하게 보존했다.""","""effect"":""stress:30|stamina:-10""}","{""text"":""가사의 주인공들을 취재한다""","""result"":""그들의 치열했던 삶을 기사로 작성했다.""","""effect"":""mental:20|stress:10""","""clue"":{""id"":""c_81_u6""","""label"":""노동자 일기""","""desc"":""박기순 열사가 남긴 현장의 기록.""}}]""",사랑도 명예도 이름도 남김없이,노래는 살아남아 민주주의가 필요한 모든 곳에서 불리게 되었다.,1981,1981-11-25,슬픔과 결의가 교차하는 망월동의 새벽에 서 있습니다.,FALSE,,,,,,
H94_JIZON,1990s,사건파일24,1994년 9월 21일,제105호,"""부자를 증오한다"" 지존파의 살인 공장","인간이기를 포기한 악마들, 지하실의 소각로",전남 영광의 한 민가에서 [지하 감옥]과 [소각로]가 발견되었다. 납치된 피해자들은 [사채 증서]에 강제로 서명한 뒤 살해당했다. 현장에는 범인들이 연습용으로 쏜 [공기총 탄환]이 굴러다닌다.,범인들은 [백화점 고객 명단]을 입수해 범행 대상을 골랐다. 그들이 남긴 [범행 일지]에는 사회를 향한 비틀린 분노가 가득하다. 탈출한 여성의 [피 묻은 신발]이 유일한 단서다.,대한민국을 충격에 빠뜨린 연쇄 살인 사건,"[{\marker"":""[지하 감옥]""","""id"":""c_94_j1""","""label"":""철창 창살""","""desc"":""피해자들을 감금하기 위해 직접 용접해 만든 철장.""}","{""marker"":""[소각로]""","""id"":""c_94_j2""","""label"":""유골 파편""","""desc"":""증거 인멸을 위해 시신을 태운 고온 소각로의 잔해.""}","{""marker"":""[사채 증서]""","""id"":""c_94_j3""","""label"":""강제 서약서""","""desc"":""돈을 갈취하기 위해 강압적으로 쓰게 한 문서.""}","{""marker"":""[공기총 탄환]""","""id"":""c_94_j4""","""label"":""납탄""","""desc"":""살인 연습을 위해 사용된 공기총의 탄환.""}","{""marker"":""[백화점 고객 명단]""","""id"":""c_94_j5""","""label"":""타깃 리스트""","""desc"":""부유층을 선별하기 위해 입수한 압구정 현대백화점 명단.""}]""",전남 영광군 불갑면,인간의 탈을 쓴 악마들이 만든 지옥도. 당신은 공포를 뚫고 들어가 사라진 실종자들의 흔적을 찾아내야 한다.,"극단적인 불평등은 때로 괴물을 낳고, 그 괴물은 무고한 피를 먹고 자란다.","[{\text"":""소각로 주변의 잔해를 정밀 분석한다""","""result"":""아직 타지 않은 피해자의 소지품을 발견했다.""","""effect"":""stamina:-20|mental:-30""","""clue"":{""id"":""c_94_j6""","""label"":""피해자의 반지""","""desc"":""실종 신고된 여대생의 이니셜이 새겨진 반지.""}}","{""text"":""범인들의 아지트에 잠입하여 명단을 훔친다""","""result"":""다음 범행 대상이었던 이들의 목숨을 구했다.""","""effect"":""stamina:-30|stress:40""}","{""text"":""탈출한 여성을 보호하고 증언을 기록한다""","""result"":""범인들을 일망타진할 결정적 단서를 확보했다.""","""effect"":""mental:-20|stress:20""","""clue"":{""id"":""c_94_j7""","""label"":""탈출 경로 지도""","""desc"":""아지트 내부 구조가 상세히 적힌 메모.""}}]""","사라진 인간성, 남겨진 공포",당신이 확보한 증거는 대한민국 범죄사상 가장 잔혹한 집단의 종말을 불러왔다.,1994,1994-09-21,핏취가 진동하는 영광의 비밀 가옥으로 향합니다.,FALSE,,,
H93_REAL,1990s,경제정론,1993년 8월 12일,제30호,"전격 발표, 오늘부터 금융실명제 실시","검은 돈의 종말인가, 경제의 마비인가?",대통령의 긴급명령으로 [금융실명제]가 전격 시행되었다. 명동 시장에는 [가명 계좌]를 처분하려는 자들의 발길이 끊겼다. 은행 창구에는 [가짜 도장]들이 무더기로 버려져 있다.,비자금을 숨기려던 실세들의 [차명 통장]이 동결되었다. 지하실에 숨겨둔 [사과 상자] 속 현금 뭉치들이 휴지 조각이 될 위기에 처했다. 투명한 세상은 올 것인가?,한국 경제 구조를 뒤바꾼 일대 사건,"[{\marker"":""[금융실명제]""","""id"":""c_93_r1""","""label"":""대통령 긴급명령서""","""desc"":""금융 거래 시 실명 사용을 의무화한 역사적 문서.""}","{""marker"":""[가명 계좌]""","""id"":""c_93_r2""","""label"":""가짜 이름 통장""","""desc"":""'김철수' 등 흔한 이름을 도용한 비밀 계좌들.""}","{""marker"":""[가짜 도장]""","""id"":""c_93_r3""","""label"":""막도장 뭉치""","""desc"":""차명 계좌 개설을 위해 대량으로 제작된 도장들.""}","{""marker"":""[차명 통장]""","""id"":""c_93_r4""","""label"":""정치인 비자금 통장""","""desc"":""실제 주인이 따로 있는 고액 예치 통장 사본.""}","{""marker"":""[사과 상자]""","""id"":""c_93_r5""","""label"":""현금 궤짝""","""desc"":""실명제 직전 빼돌리려던 만 원권 현금 뭉치 더미.""}]""",청와대 및 시중 은행,대통령의 폭탄 선언으로 정재계가 패닉에 빠졌다. 당신은 이 혼란을 틈타 거대 비자금의 주인을 밝혀내야 한다.,"햇빛은 가장 강력한 살균제이며, 투명함은 부패의 천적이다.","[{\text"":""사채 시장의 자금 흐름을 추적한다""","""result"":""돈 세탁을 시도하는 거물 정치인을 포착했다.""","""effect"":""money:-5000|stress:30""","""clue"":{""id"":""c_93_r6""","""label"":""자금 세탁 장부""","""desc"":""가짜 이름을 진짜 이름으로 바꾸려 한 거래 기록.""}}","{""text"":""은행 본점의 전산망을 감시한다""","""result"":""대량의 인출이 일어난 VIP 계좌 목록을 확보했다.""","""effect"":""stamina:-20|mental:-10""}","{""text"":""폐기되는 서류 더미를 뒤진다""","""result"":""차명 계좌의 실제 소유주가 적힌 비밀 명단을 찾았다.""","""effect"":""stamina:-30|stress:10""","""clue"":{""id"":""c_93_r7""","""label"":""고객 비밀 일람""","""desc"":""은행원이 몰래 작성한 차명 계좌 실제주 목록.""}}]""",검은 돈의 시대가 저물다,"금융의 투명화는 고통스러웠으나, 당신이 찾은 비자금의 꼬리는 권력의 뿌리를 흔들었다.",1993,1993-08-12,정적 속에 폭탄이 터진 듯한 여의도 금융가에 서 있습니다.,FALSE,,,
H91_NAK,1990s,영남일보,1991년 3월 14일,제77호,"낙동강 페놀 유출, 독물이 흐르는 젖줄","두산전자발 환경 재앙, 대구 시민들 ""물 마시기 무섭다""","[페놀] 원액 30톤이 낙동강으로 흘러들었다. 수돗물에서 [악취]가 진동하고, 시민들은 [생수 대란]에 시달리고 있다. 취수장 근처에는 [죽은 물고기]들이 떠올랐다.",공장 관계자들은 [비밀 배출구]를 통해 몰래 버렸음을 시인했다. 조사단의 [수질 검사표]는 허용치의 수백 배를 가리킨다. 기업의 탐욕이 생명의 물을 오염시켰다.,한국 환경 운동의 분수령이 된 사건,"[{\marker"":""[페놀]""","""id"":""c_91_n1""","""label"":""독성 화학물질""","""desc"":""신경계에 치명적인 영향을 미치는 강력한 독물.""}","{""marker"":""[악취]""","""id"":""c_91_n2""","""label"":""염소 반응 시료""","""desc"":""수돗물 소독제와 만나 악취를 유발한 페놀의 증거.""}","{""marker"":""[생수 대란]""","""id"":""c_91_n3""","""label"":""빈 물통""","""desc"":""물을 구하지 못한 시민들의 고단함이 담긴 빈 통.""}","{""marker"":""[죽은 물고기]""","""id"":""c_91_n4""","""label"":""사체 표본""","""desc"":""강 생태계가 완전히 파괴되었음을 보여주는 증거.""}","{""marker"":""[비밀 배출구]""","""id"":""c_91_n5""","""label"":""불법 배관 지도""","""desc"":""정화 시설을 거치지 않고 강으로 연결된 비밀 통로.""}]""",구미 공단 및 낙동강 취수장,시민들의 생명줄인 강물이 독으로 변했다. 당신은 기업이 은폐하려던 오염 규모의 실체를 폭로해야 한다.,"이윤 추구가 생명보다 우선시될 때, 그 대가는 사회 전체가 치르게 된다.","[{\text"":""공장 내부의 폐수 처리 대조표를 확보한다""","""result"":""유출량이 발표보다 훨씬 많음을 입수했다.""","""effect"":""stamina:-20|money:-2000""","""clue"":{""id"":""c_91_n6""","""label"":""폐수 처리 일지""","""desc"":""실제 배출량이 조작되었음을 보여주는 장부.""}}","{""text"":""피해 주민들의 건강 상태를 조사한다""","""result"":""집단적인 피부병과 구토 증상을 기록했다.""","""effect"":""mental:-20|stress:10""}","{""text"":""독물 유출 현장을 직접 촬영한다""","""result"":""밤에 몰래 방류하는 결정적 장면을 카메라에 담았다.""","""effect"":""stamina:-30|stress:30""","""clue"":{""id"":""c_91_n7""","""label"":""현장 사진 필름""","""desc"":""시꺼먼 폐수가 강으로 쏟아지는 증거 사진.""}}]""","강은 흐르고, 분노는 남는다","당신의 폭로는 대기업의 무책임한 경영에 경종을 울렸고, 환경권에 대한 국민적 인식을 깨웠다.",1991,1991-03-14,코를 찌르는 약품 냄새가 진동하는 낙동강 변에 서 있습니다.,FALSE,,,
H96_GANG,1990s,안보속보,1996년 9월 18일,제200호,"강릉 잠수함 침투 사건, 49일간의 추격전","안보 비상, 해안가에서 발견된 북한 상어급 잠수함",강릉 안인진리 해안에서 좌초된 [잠수함]이 발견되었다. 도주한 공작원들은 [군복]을 버리고 산속으로 숨어들었다. 현장에는 그들이 남긴 [난수표]와 [기관단총]이 남겨져 있다.,"군경은 [진돗개 하나]를 발령하고 대대적인 수색에 나섰다. 산속에서는 [공작원 시신] 11구가 무더기로 발견되었다. 자결인가, 아니면 처형인가?",냉전의 긴장이 폭발한 동해안 침투 사건,"[{\marker"":""[잠수함]""","""id"":""c_96_g1""","""label"":""상어급 잠수함""","""desc"":""침투에 사용된 북한의 소형 잠수함 잔해.""}","{""marker"":""[군복]""","""id"":""c_96_g2""","""label"":""북한군 복장""","""desc"":""산으로 도주하며 갈아입은 흔적이 남은 옷.""}","{""marker"":""[난수표]""","""id"":""c_96_g3""","""label"":""암호 해독서""","""desc"":""지령을 수신하기 위해 사용된 숫자 나열표.""}","{""marker"":""[기관단총]""","""id"":""c_96_g4""","""label"":""체코제 Vz61""","""desc"":""공작원들이 휴대했던 소형 자동 화기.""}","{""marker"":""[진돗개 하나]""","""id"":""c_96_g5""","""label"":""비상 작전명""","""desc"":""최고 수준의 경계 태세가 발령된 작전 지시서.""}]""",강릉시 안인진리 대관령 산악지대,평화롭던 어촌 마을이 순식간에 전쟁터로 변했다. 당신은 산속에 숨어든 공작원들의 행적과 침투 목적을 밝혀내야 한다.,총성이 멎어도 보이지 않는 전쟁은 계속되고 있다.,"[{\text"":""좌초된 잠수함 내부를 정밀 조사한다""","""result"":""침투 경로가 기록된 해도를 발견했다.""","""effect"":""stamina:-30|stress:40""","""clue"":{""id"":""c_96_g6""","""label"":""침투 해도""","""desc"":""남한 해안선의 취약 지점이 표시된 지도.""}}","{""text"":""공작원들의 유류품을 분석한다""","""result"":""그들이 노렸던 타깃이 주요 발전소임을 알아냈다.""","""effect"":""stamina:-20|mental:-10""}","{""text"":""전사한 장병들의 유가족을 위로한다""","""result"":""전시 상황의 참혹함과 슬픔을 기사로 옮겼다.""","""effect"":""mental:-30|stress:10""}]""",안개 속의 49일,"비극적인 인명 피해 끝에 작전은 종료되었으나, 한반도의 긴장은 여전히 팽팽하게 남았다.",1996,1996-09-18,군인들의 함성과 헬기 소리가 뒤섞인 강릉 산자락에 서 있습니다.,FALSE,,,,,,
H92_SUSUN,1990s,종말론뉴스,1992년 10월 28일,제102호,"다미선교회 휴거 소동, ""심판의 날은 오지 않았다""","전국을 뒤흔든 종말론, 실망과 허탈의 현장","약속된 자정, [휴거]는 일어나지 않았다. 흰 옷을 입은 신도들은 [하늘]만 바라보며 통곡했다. 선교회 입구에는 버려진 [전재산 기부서]들이 흩날린다.",이장림 목사의 [비밀 통장]에는 신도들의 돈으로 산 채권이 가득했다. [시한부 종말론]에 속아 가정을 버린 이들의 [눈물]이 바닥을 적신다.,종교적 광기와 사기가 결합된 사회적 소동,"[{\marker"":""[휴거]""","""id"":""c_92_s1""","""label"":""승천 의식 지침""","""desc"":""세상의 종말과 선택받은 자의 승천을 주장하는 교리서.""}","{""marker"":""[하늘]""","""id"":""c_92_s2""","""label"":""방송 카메라""","""desc"":""휴거 순간을 전 세계에 생중계하기 위해 설치된 카메라들.""}","{""marker"":""[전재산 기부서]""","""id"":""c_92_s3""","""label"":""헌금 명부""","""desc"":""종말을 믿고 집과 재산을 모두 바친 증서.""}","{""marker"":""[시한부 종말론]""","""id"":""c_92_s4""","""label"":""날짜가 적힌 포스터""","""desc"":""1992년 10월 28일 자정임을 명시한 홍보물.""}","{""marker"":""[비밀 통장]""","""id"":""c_92_s5""","""label"":""환매조건부 채권""","""desc"":""목사가 종말 이후인 1993년에 만기가 되는 상품에 가입한 증서.""}]""",서울 성산동 다미선교회,자정이 지났지만 아무 일도 일어나지 않았다. 당신은 사기꾼 목사의 위선과 절망에 빠진 사람들의 실상을 취재해야 한다.,"믿음이 눈을 멀게 할 때, 가장 먼저 주머니를 채우는 것은 사기꾼이다.","[{\text"":""이장림 목사의 사무실을 급습한다""","""result"":""종말 이후에 쓸 목적으로 가입한 채권을 찾아냈다.""","""effect"":""stamina:-20|money:5000""","""clue"":{""id"":""c_92_s6""","""label"":""만기일 증서""","""desc"":""목사 본인도 종말을 믿지 않았음을 보여주는 물증.""}}","{""text"":""집으로 돌아가지 못하는 신도들을 설득한다""","""result"":""그들이 가족의 품으로 돌아가도록 도왔다.""","""effect"":""mental:20|stress:20""}","{""text"":""선교회 배후의 자금 세탁업자를 쫓는다""","""result"":""교회 헌금이 어디로 흘러갔는지 계좌를 확보했다.""","""effect"":""money:-3000|stress:30""}]""",텅 빈 하늘과 무너진 삶,"하늘로 올라간 사람은 없었으나, 지상에는 수많은 삶이 지옥으로 떨어졌다.",1992,1992-10-28,허탈함과 통곡 소리가 가득한 선교회 건물 앞에 서 있습니다.,FALSE,,,,,,
H95_LOCAL,1990s,민주지방보,1995년 6월 27일,제95호,"지방자치 시대 개막, 내 손으로 뽑는 시장","34년 만의 부활, 풀뿌리 민주주의의 시험대",전국에서 동시에 [지방선거]가 치러졌다. 투표소에는 [투표용지]를 든 시민들이 줄을 이었다. 각 지역구의 [공보물]은 지역 발전의 장밋빛 미래를 약속하고 있다.,"하지만 이면에는 [매표 행위]와 은밀한 [커미션]의 그림자가 드리워져 있다. 지자체장의 [비밀 후원자 명단]은 아직 공개되지 않았다. 진정한 자치인가, 토착 비리의 서막인가?",풀뿌리 민주주의의 재건과 그 부작용,"[{\marker"":""[지방선거]""","""id"":""c_95_l1""","""label"":""선거 포스터""","""desc"":""사상 첫 동시 지방선거를 알리는 빛바랜 포스터.""}","{""marker"":""[투표용지]""","""id"":""c_95_l2""","""label"":""기표 인감""","""desc"":""시민의 권리가 행사된 투표 용지의 흔적.""}","{""marker"":""[공보물]""","""id"":""c_95_l3""","""label"":""후보자 약력""","""desc"":""화려한 경력 속에 숨겨진 부실한 전과 기록.""}","{""marker"":""[매표 행위]""","""id"":""c_95_l4""","""label"":""현금 봉투""","""desc"":""표를 사기 위해 뿌려진 5만원권 뭉치(당시 만원권).""}","{""marker"":""[비밀 후원자 명단]""","""id"":""c_95_l5""","""label"":""토건업자 명부""","""desc"":""당선 후 이권을 챙기기로 약속된 건설사 명단.""}]""",서울 시청 및 각 지역 투표소,34년 만에 돌아온 민주주의의 축제. 당신은 후보자들의 화려한 공약 뒤에 숨겨진 추악한 거래를 파헤쳐야 한다.,권력이 가까워질수록 탐욕도 구체화된다.,"[{\text"":""후보자의 비밀 캠프에 잠입한다""","""result"":""지역 유지들과 맺은 이권 밀약서를 발견했다.""","""effect"":""stamina:-20|stress:30""","""clue"":{""id"":""c_95_l6""","""label"":""이권 밀약서""","""desc"":""당선 시 개발권을 넘기겠다는 확약서.""}}","{""text"":""선관위의 조사관과 협력한다""","""result"":""대규모 불법 선거 자금의 흐름을 포착했다.""","""effect"":""money:-3000|mental:10""}","{""text"":""시민들의 투표 열기를 취재한다""","""result"":""민주주의를 향한 열망을 감동적인 기사로 남겼다.""","""effect"":""mental:30|stamina:-10""}]""","내 고장의 주인, 감시의 시작","지방자치는 시작되었으나, 당신의 기록은 견제 없는 권력이 어떻게 부패하는지 경고하는 지침서가 되었다.",1995,1995-06-27,민주주의의 꽃이 다시 피어나는 투표 현장에 서 있습니다.,FALSE,,,,,,
H98_GOLD,1990s,환란극복보,1998년 1월 5일,제02호,"장롱 속 금모으기, 국난 극복의 물결","아이의 돌반지부터 결혼 예물까지, 국가를 향한 헌신",은행 창구에는 시민들이 가져온 [금거북이]와 [돌반지]가 쌓여 있다. 국가 부도 위기 속에서 [금 기부 증서]는 애국의 상징이 되었다. [제련소]는 24시간 가동 중이다.,하지만 누군가는 이 금을 이용해 [환치기]를 시도하며 사리사욕을 채운다. 수집된 금의 [해외 수출 통계]에는 의문의 오차가 발생했다. 국민의 정성은 어디로 흘러가는가?,IMF 환란 속 전 국민적 구국 운동,"[{\marker"":""[금거북이]""","""id"":""c_98_g1""","""label"":""황금 보물""","""desc"":""가보로 간직하던 순금 거북이 모형.""}","{""marker"":""[돌반지]""","""id"":""c_98_g2""","""label"":""아기의 첫 반지""","""desc"":""가장 소중한 기억을 국가를 위해 내놓은 헌신.""}","{""marker"":""[금 기부 증서]""","""id"":""c_98_g3""","""label"":""헌납 확인서""","""desc"":""국가에 금을 맡겼음을 증명하는 종이 조각.""}","{""marker"":""[제련소]""","""id"":""c_98_g4""","""label"":""금괴(Gold Bar)""","""desc"":""수출을 위해 녹여 만든 표준 규격의 금괴.""}","{""marker"":""[환치기]""","""id"":""c_98_g5""","""label"":""외환 밀거래 장부""","""desc"":""금 수출 대금을 유용하려 한 악덕 업자의 기록.""}]""",종로 금은방 거리 및 한국은행,"국민들은 나라를 살리려 금을 내놓는데, 권력과 결탁한 상인들은 뒷구멍으로 배를 불린다. 당신은 이 숭고한 희생을 더럽히는 자들을 잡아야 한다.","가장 어두운 시절에 가장 밝은 빛이 나오지만, 그 빛을 이용하는 어둠도 항상 존재한다.","[{\text"":""금 수거 차량을 추적한다""","""result"":""중간에 사라진 금괴의 행방을 찾아냈다.""","""effect"":""stamina:-30|money:10000""","""clue"":{""id"":""c_98_g6""","""label"":""사라진 금괴 목록""","""desc"":""정부 보고서에서 누락된 금의 수량 기록.""}}","{""text"":""기부 현장의 시민들을 인터뷰한다""","""result"":""눈물겨운 사연들을 모아 전 국민의 심금을 울렸다.""","""effect"":""mental:40|stress:10""}","{""text"":""시중 은행의 수출 대금을 대조한다""","""result"":""대기업의 비자금으로 전용된 흔적을 발견했다.""","""effect"":""money:-5000|stress:40""","""clue"":{""id"":""c_98_g7""","""label"":""대금 전용 전표""","""desc"":""금 수출액이 기업 계좌로 잘못 입금된 증거.""}}]""",금빛 눈물로 씻어낸 국치,"국민의 힘으로 위기를 넘겼으나, 당신의 추적은 그 숭고함 뒤에 숨은 탐욕의 민낯을 고발했다.",1998,1998-01-05,줄을 선 시민들의 간절함이 느껴지는 은행 창구에 서 있습니다.,FALSE,,,
H98_DJ,1990s,민주통일보,1998년 2월 25일,제100호,"사상 첫 수평적 정권교체, 국민의 정부 출범","인권 변호사에서 대통령으로, 겨울 공화국의 종말",취임식장에는 [햇볕정책]의 서막을 알리는 온기가 감돈다. 대통령은 [화해와 용서]를 선언하며 과거의 적들을 포용했다. 연단에는 [감옥에서 쓴 편지]가 전시되어 있다.,그러나 정보기관의 지하실에는 여전히 [기밀 문서]들이 소각되고 있다. [정치 보복]을 두려워하는 구 정권 인사들의 긴박한 움직임이 포착되었다. 진정한 민주주의는 오는가?,대한민국 헌정사 최초의 평화적 여야 정권교체,"[{\marker"":""[햇볕정책]""","""id"":""c_98_d1""","""label"":""대북 포용 정책""","""desc"":""북한과의 대화와 협력을 강조한 외교 지침서.""}","{""marker"":""[화해와 용서]""","""id"":""c_98_d2""","""label"":""사면복권 명단""","""desc"":""화합을 위해 석방된 정치인과 양심수 명단.""}","{""marker"":""[감옥에서 쓴 편지]""","""id"":""c_98_d3""","""label"":""옥중 서신""","""desc"":""인고의 세월을 견딘 대통령의 철학이 담긴 기록.""}","{""marker"":""[기밀 문서]""","""id"":""c_98_d4""","""label"":""파쇄된 서류""","""desc"":""정권 교체 직전 폐기된 공안 공작의 파편.""}","{""marker"":""[정치 보복]""","""id"":""c_98_d5""","""label"":""뒷조사 리스트""","""desc"":""상대 진영을 압박하기 위해 준비된 약점 자료.""}]""",여의도 국회의사당 광장,평생을 탄압받던 이가 최고 권력자가 되었다. 당신은 새로운 시대의 희망 속에서 지워지지 않는 과거의 잔재를 처리해야 한다.,"용서는 힘이 있을 때 하는 것이지만, 정의는 힘이 없을 때도 지켜져야 한다.","[{\text"":""파쇄된 문서를 복원한다""","""result"":""이전 정부의 불법 사찰 증거를 확보했다.""","""effect"":""stamina:-40|mental:-10""","""clue"":{""id"":""c_98_d6""","""label"":""복원된 사찰 일지""","""desc"":""민간인을 감시했던 안기부의 실제 기록.""}}","{""text"":""취임식장의 VIP 명단을 분석한다""","""result"":""새로운 권력에 줄을 대려는 기회주의자들을 가려냈다.""","""effect"":""money:-2000|stress:20""}","{""text"":""대통령의 최측근을 인터뷰한다""","""result"":""향후 국정 운영의 핵심 비전과 고뇌를 들었다.""","""effect"":""mental:20|stamina:-10""}]""","인동초의 봄, 새로운 시작","수평적 정권교체는 실현되었고, 당신의 기록은 그 거대한 전환점의 파수꾼이 되었다.",1998,1998-02-25,환호와 기대가 섞인 대통령 취임식 현장에 도착했습니다.,FALSE,,,,,,
H99_SOLDIER,1990s,안보정론,1999년 1월 15일,제44호,"박노항 원사 병역 비리 스캔들, '신의 아들'은 누구?","대한민국을 뒤흔든 모병 비리, 유권무죄 무권유죄",군 수사당국은 [박노항 원사]를 공개 수배했다. 그의 비밀 수첩에는 고위층 자제들의 [병역 면제] 청탁 내역이 빼곡하다. 현장에는 [가짜 진단서]가 산더미처럼 발견되었다.,돈과 권력으로 군대를 피한 이른바 [신의 아들]들의 명단이 공개될 위기다. 박 원사가 숨어든 [비밀 아지트]는 어디인가? [군부 내부의 비호 세력]이 수사를 방해하고 있다.,국방의 의무를 더럽힌 거대 비리 사건,"[{\marker"":""[박노항 원사]""","""id"":""c_99_s1""","""label"":""수배 전단""","""desc"":""전국에 뿌려진 병역 비리의 몸통","박노항의 사진.""}","{""marker"":""[병역 면제]""","""id"":""c_99_s2""","""label"":""면제 판정서""","""desc"":""멀쩡한 청년을 환자로 둔갑시킨 조작된 서류.""}","{""marker"":""[가짜 진단서]""","""id"":""c_99_s3""","""label"":""위조용 직인""","""desc"":""대형 병원의 직인을 위조해 만든 가짜 진료 기록.""}","{""marker"":""[신의 아들]""","""id"":""c_99_s4""","""label"":""특혜 명단""","""desc"":""정재계 고위직 자제들이 포함된 불법 면제 리스트.""}","{""marker"":""[비밀 아지트]""","""id"":""c_99_s5""","""label"":""도주로 지도""","""desc"":""박 원사가 군 수사망을 피하기 위해 이용한 은신처 지도.""}]""",서울 논현동 지하 은신처,국방의 의무가 누구에게나 평등하지 않다는 사실에 분노가 끓어오른다. 당신은 도주 중인 비리의 핵심을 잡아 정의를 세워야 한다.,"애국은 평등해야 하며, 특권은 그 평등을 무너뜨리는 암세포다.","[{\text"":""대형 병원 원무과를 압수수색한다""","""result"":""의사와 결탁한 조작된 차트 원본을 찾아냈다.""","""effect"":""stamina:-20|money:-3000""","""clue"":{""id"":""c_99_s6""","""label"":""조작된 엑스레이""","""desc"":""다른 사람의 사진을 도용한 병역 면제용 증거.""}}","{""text"":""박 원사의 가족을 감시한다""","""result"":""그가 은신처에서 보낸 암호 편지를 가로챘다.""","""effect"":""stress:30|stamina:-20""}","{""text"":""명단에 오른 인사들을 실명 보도한다""","""result"":""국민적 분노가 폭발하며 수사에 탄력이 붙었다.""","""effect"":""mental:-30|stress:50""}]""",무너진 신성한 의무,"박 원사는 결국 검거되었고, 당신이 파헤친 명단은 대한민국 병역 문화의 근본적인 개혁을 이끌었다.",1999,1999-01-15,분노한 청년들의 함성이 들리는 병무청 광장 근처에 서 있습니다.,FALSE,,,,,
H92_LA,1990s,교포신문,1992년 4월 29일,제10호,"LA 폭동, 불타는 코리아타운","흑인 폭동의 불길이 한인 상가로, 국가 없는 교포들의 사투",로스앤젤레스 거리는 [불길]과 [약탈]로 가득하다. 미 경찰은 부촌만 보호하고 [코리아타운]은 방치했다. 한인들은 옥상에서 [카빈 소총]을 들고 스스로를 지키고 있다.,[4.29 폭동]은 미 주류 언론의 왜곡된 보도로 촉발되었다. 무너진 가계 앞에는 [피 묻은 가부]가 뒹굴고 있다. [라디오 코리아]의 절박한 방송이 울려 퍼진다.,재외 동포 역사의 최대 비극 중 하나,"[{\marker"":""[불길]""","""id"":""c_92_l1""","""label"":""방화 현장 사진""","""desc"":""코리아타운 전체를 뒤덮은 붉은 화염의 기록.""}","{""marker"":""[약탈]""","""id"":""c_92_l2""","""label"":""부서진 금고""","""desc"":""폭도들이 상점을 털고 남긴 잔해들.""}","{""marker"":""[코리아타운]""","""id"":""c_92_l3""","""label"":""경계선 지도""","""desc"":""경찰이 포기하고 한인들이 사수한 방어선 표시.""}","{""marker"":""[카빈 소총]""","""id"":""c_92_l4""","""label"":""방어용 화기""","""desc"":""생존을 위해 옥상으로 들고 올라온 낡은 소총.""}","{""marker"":""[라디오 코리아]""","""id"":""c_92_l5""","""label"":""긴급 방송 일지""","""desc"":""공격 상황을 실시간으로 알리던 동포들의 생명선.""}]""",미국 로스앤젤레스 코리아타운,조국도 경찰도 도와주지 않는 타지에서의 사투. 당신은 이 거대한 폭력의 소용돌이 속에서 한인들의 희생과 용기를 기록해야 한다.,국가가 지켜주지 않는 시민은 스스로 무기가 되어야 한다.,"[{\text"":""옥상 방어팀에 합류하여 현장을 지킨다""","""result"":""약탈자들의 침입을 막고 상가 일부를 보전했다.""","""effect"":""stamina:-50|stress:50""","""clue"":{""id"":""c_92_l6""","""label"":""방어대 일지""","""desc"":""밤을 지새우며 기록한 한인들의 전투 기록.""}}","{""text"":""미국 주류 언론의 왜곡 보도를 정정한다""","""result"":""한인들이 가해자가 아닌 피해자임을 전 세계에 알렸다.""","""effect"":""mental:30|money:-2000""}","{""text"":""피해 상인들의 손실 목록을 작성한다""","""result"":""훗날 보상을 위한 소중한 근거 자료를 확보했다.""","""effect"":""stamina:-20|mental:-10""}]""",잿더미 위에서 다시 일어선 코리안,"도시 전체가 불탔으나 한인들은 무너지지 않았고, 당신의 기록은 그들의 처절한 생존기를 증명했다.",1992,1992-04-29,총성과 불길이 가득한 LA 올림픽 블루버드 한복판에 서 있습니다.,FALSE,,,,,,
H00_SUMMIT,2000s,통일광장,2000년 6월 15일,제615호,"남북 정상의 포옹, 분단 55년 만의 결단",평양 순안공항에서 울려 퍼진 한민족의 함성,김대중 대통령과 김정일 위원장이 [순안공항]에서 손을 맞잡았다. [6.15 공동선언문]에는 통일을 향한 이정표가 담겼다. 평양 거리에 걸린 [남북 정상 사진]은 전 세계를 놀라게 했다.,하지만 환호 뒤에는 [대북 송금]의 은밀한 자금 흐름이 숨겨져 있다는 의혹이 제기된다. 정보기관의 [비밀 계좌]에서 사라진 수억 달러의 행방은 묘연하다. [정상회담 준비 일지]에는 지워진 대목이 있다.,분단 이후 첫 남북 정상회담과 그 이면의 논란,"[{\marker"":""[순안공항]""","""id"":""c_00_s1""","""label"":""공항 입국 도장""","""desc"":""역사적인 평양 방문을 증명하는 입국 기록.""}","{""marker"":""[6.15 공동선언문]""","""id"":""c_00_s2""","""label"":""정상 합의서""","""desc"":""남북 관계 개선의 핵심 원칙이 담긴 공식 문서.""}","{""marker"":""[남북 정상 사진]""","""id"":""c_00_s3""","""label"":""악수하는 장면""","""desc"":""냉전의 벽을 허무는 듯한 두 정상의 결정적 컷.""}","{""marker"":""[대북 송금]""","""id"":""c_00_s4""","""label"":""현대그룹 회계 장부""","""desc"":""북한으로 흘러 들어간 자금의 세탁 경로가 적힌 문서.""}","{""marker"":""[비밀 계좌]""","""id"":""c_00_s5""","""label"":""마카오 은행 전표""","""desc"":""정상회담 직전 이체된 거액의 외화 송금 내역.""}]""",평양 백화원 초대소 및 국정원,"역사적인 화해의 순간, 하지만 그 평화가 돈으로 산 것이라면? 당신은 감격의 눈물 뒤에 숨겨진 차가운 거래의 실체를 추적해야 한다.","평화는 고귀하지만, 그 과정에서의 불투명함은 훗날 독이 되어 돌아온다.","[{\text"":""산업은행의 대출 서류를 뒤진다""","""result"":""현대그룹에 특혜 대출된 자금이 북으로 간 정황을 잡았다.""","""effect"":""stamina:-20|money:-5000""","""clue"":{""id"":""c_00_s6""","""label"":""특혜 대출 승인서""","""desc"":""정부 압력으로 집행된 거액 대출 기록.""}}","{""text"":""회담 수행원의 수첩을 입수한다""","""result"":""공식 일정 외에 있었던 비밀 접촉 기록을 확보했다.""","""effect"":""stress:30|mental:-10""}","{""text"":""이산가족 상봉 현장을 취재한다""","""result"":""정치적 논란을 넘어선 인도적 결실을 기록했다.""","""effect"":""mental:40|stamina:-10""}]""","평화의 시작인가, 거래의 종말인가","남북 관계의 물꼬는 텄으나, 당신이 찾은 송금의 흔적은 훗날 특검의 칼날이 되어 돌아왔다.",2000,2000-06-15,평화의 온기와 긴장이 공존하는 평양 순안공항에 도착했습니다.,FALSE,,,,,,
H03_CARD,2000s,소비자경제,2003년 3월 15일,제33호,"신용카드 대란, '길거리 카드 발급'의 파멸","400만 신용불량자 양산, 탐욕이 부른 가계 경제의 붕괴",길거리마다 [카드 모집인]들이 선물을 뿌리며 가입을 종용한다. 무분별하게 발행된 [플라스틱 카드]는 독이 되어 돌아왔다. 연체자들의 [독촉 고지서]가 우편함을 가득 채우고 있다.,카드사의 [부실 채권] 규모는 상상을 초월한다. 돌려막기에 지친 서민들의 [유서]가 발견되기 시작했다. 정부의 [카드 활성화 대책]은 결국 재앙으로 결론 났다.,과도한 소비 진작 정책이 불러온 경제 대참사,"[{\marker"":""[카드 모집인]""","""id"":""c_03_c1""","""label"":""모집 수당 명부""","""desc"":""가입자 수에 따라 지급된 수당 기록","부실 심사의 원인.""}","{""marker"":""[플라스틱 카드]""","""id"":""c_03_c2""","""label"":""한도 초과 카드""","""desc"":""소득 없는 대학생에게도 발급된 무분별한 카드의 잔해.""}","{""marker"":""[독촉 고지서]""","""id"":""c_03_c3""","""label"":""채권 추심 통지서""","""desc"":""원금의 몇 배로 불어난 이자와 협박성 문구가 적힌 종이.""}","{""marker"":""[부실 채권]""","""id"":""c_03_c4""","""label"":""금융감독원 보고서""","""desc"":""카드사들의 도산 위기를 경고하는 내부 비밀 문서.""}","{""marker"":""[유서]""","""id"":""c_03_c5""","""label"":""빚더미 속 유언""","""desc"":""카드 빚을 이기지 못하고 극단적 선택을 한 가장의 편지.""}]""",서울 명동 금융가 및 다세대 주택,소비의 단맛은 짧았고 빚의 고통은 길다. 당신은 길거리 카드 발급의 배후에 있는 금융권의 탐욕과 정부의 실책을 고발해야 한다.,미래의 소득을 미리 빌려 쓴 대가는 결국 현재의 삶을 파괴한다.,"[{\text"":""카드사 내부 전산망에 잠입한다""","""result"":""심사 없이 발급된 'VIP' 명단의 정체를 알아냈다.""","""effect"":""stamina:-30|money:-2000""","""clue"":{""id"":""c_03_c6""","""label"":""부실 심사 리스트""","""desc"":""결제 능력이 전무한 이들에게 발급된 기록.""}}","{""text"":""채권 추심 업체의 폭력을 조사한다""","""result"":""불법적인 협박 행위를 카메라에 담아 폭로했다.""","""effect"":""stress:40|mental:-20""}","{""text"":""정부 관료의 로비 장부를 훔친다""","""result"":""카드 규제 완화를 대가로 받은 뇌물 목록을 확보했다.""","""effect"":""stamina:-20|money:5000""","""clue"":{""id"":""c_03_c7""","""label"":""로비스트 명함""","""desc"":""카드사와 정부를 잇던 브로커의 연락처.""}}]""",플라스틱 지옥에 갇힌 대한민국,"수백만이 신용불량자로 낙인찍혔고, 당신의 기록은 무분별한 팽창의 위험을 역사에 각인시켰다.",2003,2003-03-15,"화려한 쇼핑몰 뒤편, 빚 독촉에 시달리는 골목길에 서 있습니다.",FALSE,,
H05_STEM,2000s,과학진리보,2005년 12월 15일,제99호,"황우석 논란, 세계 최초의 줄기세포는 허구인가?","국익이라는 이름의 맹신, 무너지는 과학 코리아의 자부심",[배아줄기세포] 연구 결과가 조작되었다는 의혹이 제기되었다. 논문에 사용된 [세포 사진]은 중복 촬영된 것으로 밝혀졌다. 연구실 구석에는 [난자 매매 기록]이 숨겨져 있다.,열광하던 대중은 이제 [배신자]를 찾으며 언론을 공격한다. 연구원이 남긴 [양심 선언문]은 폐기될 뻔했다. [PD수첩]의 취재는 국가적 압박에 직면해 있다.,한국 과학계 최대의 논문 조작 스캔들,"[{\marker"":""[배아줄기세포]""","""id"":""c_05_h1""","""label"":""1번 줄기세포""","""desc"":""세계 최초라고 주장되었던 줄기세포의 배양 접시.""}","{""marker"":""[세포 사진]""","""id"":""c_05_h2""","""label"":""조작된 데이터""","""desc"":""포토샵으로 교묘하게 복제된 세포 이미지들.""}","{""marker"":""[난자 매매 기록]""","""id"":""c_05_h3""","""label"":""불법 채취 명부""","""desc"":""윤리적 가이드라인을 어기고 강제로 채취된 난자 기록.""}","{""marker"":""[배신자]""","""id"":""c_05_h4""","""label"":""살해 협박 편지""","""desc"":""진실을 밝히려는 취재진과 제보자에게 날아온 편지.""}","{""marker"":""[양심 선언문]""","""id"":""c_05_h5""","""label"":""내부 고발 서류""","""desc"":""연구팀원이 조작 과정을 고백하며 작성한 비밀 문서.""}]""",서울대학교 수의과대학 연구실,국익을 위해서라면 진실쯤은 덮어도 되는가? 당신은 광적인 지지 속에서 과학적 진실을 수호하기 위해 고군분투해야 한다.,"진실은 다수의 박수 소리에 묻힐 수 있으나, 결국 증명되는 것은 사실뿐이다.","[{\text"":""연구소 내부 데이터를 미러링한다""","""result"":""논문 데이터와 실제 실험 결과의 오차를 증명했다.""","""effect"":""stamina:-30|mental:-10""","""clue"":{""id"":""c_05_h6""","""label"":""원본 실험 일지""","""desc"":""논문에 적힌 수치와 완전히 다른 실제 데이터.""}}","{""text"":""난자 기증자들을 찾아가 설득한다""","""result"":""비윤리적인 강제 채취 과정을 폭로하는 증언을 확보했다.""","""effect"":""mental:-20|stress:30""}","{""text"":""지지자들의 시위대를 뚫고 취재한다""","""result"":""광기 어린 대중 심리의 위험성을 기사로 남겼다.""","""effect"":""stamina:-20|stress:40""}]""","무너진 신화, 남겨진 진실","황우석 신화는 무너졌으나, 당신이 지켜낸 진실은 한국 과학계의 윤리적 토대를 다시 세웠다.",2005,2005-12-15,"국민적 영웅의 연구실, 차가운 의구심이 감도는 서울대에 서 있습니다.",FALSE,,,,,,
H07_AFGAN,2000s,외교안보보,2007년 7월 19일,제719호,"아프간 피랍 사건, 샘물교회의 위험한 선교","탈레반의 최후통첩, 무고한 생명인가 무책임한 열정인가",아프가니스탄에서 우리 국민 23명이 [탈레반]에 납치되었다. 그들이 탔던 [버스 파편]만이 사막에 남겨졌다. 정부는 급히 [인질 협상단]을 카불로 파견했다.,위험 지역에 강행한 [단기 선교]는 거센 비판에 직면했다. 살해된 배 목사의 [성경책]은 피로 얼룩져 있다. 거액의 [몸값 지불설]이 외신을 타고 들려온다.,해외 파견 선교단의 대규모 피랍 비극,"[{\marker"":""[탈레반]""","""id"":""c_07_a1""","""label"":""협박 영상""","""desc"":""인질들을 앞에 두고 요구 사항을 낭독하는 테러 조직의 영상.""}","{""marker"":""[버스 파편]""","""id"":""c_07_a2""","""label"":""피격된 버스""","""desc"":""공격받은 당시의 처참한 흔적이 남은 차량의 일부.""}","{""marker"":""[인질 협상단]""","""id"":""c_07_a3""","""label"":""외교부 전문""","""desc"":""테러리스트와의 은밀한 협상 내용이 기록된 기밀 전문.""}","{""marker"":""[단기 선교]""","""id"":""c_07_a4""","""label"":""선교 활동 사진""","""desc"":""경고를 무시하고 위험 지역에서 강행한 활동의 기록.""}","{""marker"":""[몸값 지불설]""","""id"":""c_07_a5""","""label"":""비밀 송금 내역""","""desc"":""정부가 인질 석방을 위해 지불했다고 의심받는 자금 기록.""}]""",아프가니스탄 가즈니주 및 카불,먼 타국 사막에서의 생사 결투. 당신은 인질들의 안위와 국가의 원칙 사이에서 벌어지는 치열한 외교 전쟁을 기록해야 한다.,"열정이 지혜를 앞설 때, 그 대가는 종종 무고한 이들의 피로 치러진다.","[{\text"":""현지 가이드를 포섭하여 정보를 얻는다""","""result"":""인질들의 위치가 분산되어 있음을 알아냈다.""","""effect"":""money:-10000|stamina:-20""","""clue"":{""id"":""c_07_a6""","""label"":""수용소 좌표""","""desc"":""탈레반의 이동 경로와 인질 감금 예상 위치.""}}","{""text"":""외신 기자와 정보를 교환한다""","""result"":""미국과 아프간 정부의 엇갈린 입장을 확인했다.""","""effect"":""stamina:-10|mental:10""}","{""text"":""국내 여론의 흐름을 분석한다""","""result"":""교회에 대한 비난과 생명 존중 사이의 갈등을 기사화했다.""","""effect"":""mental:-30|stress:20""}]""","사막의 통곡, 남겨진 숙제","인질들은 돌아왔으나 국가의 원칙은 훼손되었고, 당신의 기록은 해외 안전에 대한 뼈아픈 교훈이 되었다.",2007,2007-07-19,뜨거운 모래바람과 긴장이 가득한 아프간 사막 한가운데 서 있습니다.,FALSE,,,,,,
H09_NO,2000s,봉하일보,2009년 5월 23일,제05호,"노무현 전 대통령 서거, 부엉이바위의 비극","""너무 슬퍼하지 마라"" 유서 남기고 투신, 대한민국은 충격",봉하마을 [부엉이바위] 아래에서 전직 대통령이 쓰러진 채 발견되었다. 컴퓨터에 남긴 [마지막 유서]에는 미안함과 고뇌가 담겼다. 그가 즐겨 신던 [낡은 신발] 한 짝이 바위에 남았다.,검찰의 [먼지털이식 수사]와 언론의 [논두렁 시계] 보도는 그를 막다른 길로 몰았다. 마을 입구에는 노란 [추모 리본]이 물결을 이루고 있다. 시대의 거목이 꺾였다.,대한민국 현대사의 가장 비극적인 순간 중 하나,"[{\marker"":""[부엉이바위]""","""id"":""c_09_n1""","""label"":""투신 현장""","""desc"":""비극이 일어난 봉하마을의 가파른 바위 지형.""}","{""marker"":""[마지막 유서]""","""id"":""c_09_n2""","""label"":""hwp 문서 파일""","""desc"":""컴퓨터 바탕화면에 저장된","삶과 죽음을 초월한 마지막 글.""}","{""marker"":""[낡은 신발]""","""id"":""c_09_n3""","""label"":""등산화""","""desc"":""마지막 산책길에 신었던 흙 묻은 신발.""}","{""marker"":""[먼지털이식 수사]""","""id"":""c_09_n4""","""label"":""검찰 취조 기록""","""desc"":""가족과 지인들을 압박하며 진행된 고강도 수사 서류.""}","{""marker"":""[논두렁 시계]""","""id"":""c_09_n5""","""label"":""오보 보도 자료""","""desc"":""사실 확인 없이 자극적으로 보도된 시계 투기 의혹 기사.""}]""",경남 김해 봉하마을,권력의 정점에서 고향의 흙으로 돌아온 사나이. 당신은 그를 죽음으로 몰아넣은 보이지 않는 칼날들과 시대의 광기를 목격해야 한다.,운명이다. 삶과 죽음이 모두 자연의 한 조각 아니겠는가.,"[{\text"":""검찰 내부의 수사 기밀 유출 경로를 추적한다""","""result"":""의도적인 망신 주기 보도의 배후를 찾아냈다.""","""effect"":""stamina:-20|stress:50""","""clue"":{""id"":""c_09_n6""","""label"":""언론 플레이 보고서""","""desc"":""수사 상황을 실시간으로 흘려 여론을 조작한 기록.""}}","{""text"":""봉하마을 주민들의 증언을 수집한다""","""result"":""그의 소박했던 마지막 삶의 조각들을 기록했다.""","""effect"":""mental:20|stamina:-10""}","{""text"":""추모 인파의 노란 물결을 취재한다""","""result"":""시민들이 느끼는 슬픔과 미안함을 감동적으로 담아냈다.""","""effect"":""mental:-40|stress:30""}]""","바보 노무현, 운명을 넘어서다","그는 떠났으나 노란 물결은 전국으로 번졌고, 당신의 기록은 권력의 잔인함에 대항하는 증거가 되었다.",2009,2009-05-23,눈물과 정적이 흐르는 봉하마을의 부엉이바위 아래 서 있습니다.,FALSE,,,,,
H07_TAEAN,2000s,서해환경보,2007년 12월 7일,제127호,"서해의 절규, 태안 앞바다 기름 범벅","삼성 1호-허베이 스피릿 충돌, 검은 재앙이 덮쳤다","태안 앞바다에 [원유] 1만 2천 킬로리터가 유출되었다. 푸른 바다는 [검은 기름띠]로 뒤덮였고, 양식장의 [죽은 전복]들이 해변으로 밀려온다. 사고 선박에는 [파손된 선체]가 흉물스럽게 남았다.",수만 명의 자원봉사자가 [흡착포]를 들고 바위의 기름을 닦아내고 있다. 하지만 기업의 [책임 회피] 정황이 담긴 교신 기록이 발견되었다. 서해안 어민들의 [절망적인 탄식]이 파도에 섞여 들린다.,대한민국 최악의 해상 오염 사고와 기적 같은 방제 작업,"[{\marker"":""[원유]""","""id"":""c_07_t1""","""label"":""기름 샘플""","""desc"":""바다를 죽음으로 몰아넣은 끈적한 중유의 시료.""}","{""marker"":""[검은 기름띠]""","""id"":""c_07_t2""","""label"":""항공 촬영 사진""","""desc"":""서해안 전체를 잠식한 거대한 기름 오염 구역 지도.""}","{""marker"":""[죽은 전복]""","""id"":""c_07_t3""","""label"":""폐사한 수산물""","""desc"":""생태계 파괴를 단적으로 보여주는 하얗게 변한 전복 껍데기.""}","{""marker"":""[파손된 선체]""","""id"":""c_07_t4""","""label"":""충돌 부위 파편""","""desc"":""관제 지시를 무시하고 운항하다 발생한 충돌의 흔적.""}","{""marker"":""[흡착포]""","""id"":""c_07_t5""","""label"":""기름 묻은 헝겊""","""desc"":""봉사자들이 수작업으로 기름을 닦아낸 숭고한 노력의 증거.""}]""",충남 태안군 만리포 해수욕장,검은 재앙이 덮친 바다. 기업의 탐욕이 부순 생태계를 되살리기 위해 123만 명의 기적이 모였다. 당신은 사고의 진정한 책임자를 가려내야 한다.,"재앙은 기업이 만들고, 기적은 평범한 사람들이 만든다.","[{\text"":""사고 당시 교신 녹취록을 입수한다""","""result"":""삼성 측 예인선이 위험 경고를 무시했음을 밝혀냈다.""","""effect"":""stamina:-20|money:-3000""","""clue"":{""id"":""c_07_t6""","""label"":""관제 교신록""","""desc"":""충돌 직전의 긴박한 경고음이 담긴 테이프.""}}","{""text"":""자원봉사 대열에 합류하여 현장을 조사한다""","""result"":""방제 작업 현장의 참혹함과 희망을 동시에 기록했다.""","""effect"":""stamina:-40|mental:20""}","{""text"":""피해 어민들의 보상 청구서를 돕는다""","""result"":""대기업의 법적 공방에 맞설 강력한 근거를 마련했다.""","""effect"":""money:-5000|stress:30""}]""","123만 명의 기적, 서해를 닦다","검은 바다는 다시 푸르게 돌아왔고, 당신의 기록은 환경 재앙에 대한 기업의 책임을 끝까지 물었다.",2007,2007-12-07,기름 냄새가 진동하는 태안의 검은 해변에 서 있습니다.,FALSE,,,,,,
H08_FIRE,2000s,문화유산보,2008년 2월 10일,제01호,"국보 1호 숭례문의 붕괴, 무너진 자존심","방화로 인한 화재, 600년 역사가 잿더미로",서울의 심장 [숭례문]에서 불길이 치솟았다. 소방관들이 사투를 벌였으나 [2층 누각]은 끝내 무너져 내렸다. 현장에는 방화범이 남긴 [라이터]와 [시너 병]이 발견되었다.,소방 당국의 [초기 진압 실패]에 대한 비판이 쏟아진다. 잿더미 속에서 발견된 [현판 조각]은 처참하게 파손되어 있다. 시민들은 [눈물]을 흘리며 무너진 국보를 바라본다.,대한민국의 상징이 한 개인의 분노에 소실된 비극,"[{\marker"":""[숭례문]""","""id"":""c_08_f1""","""label"":""검게 그을린 기와""","""desc"":""화마가 휩쓸고 지나간 자리에 남은 파손된 기와.""}","{""marker"":""[2층 누각]""","""id"":""c_08_f2""","""label"":""불탄 서까래""","""desc"":""완전히 전소되어 붕괴된 목조 구조물의 잔해.""}","{""marker"":""[라이터]""","""id"":""c_08_f3""","""label"":""방화 도구""","""desc"":""토지 보상 문제로 불만을 품은 노인이 사용한 도구.""}","{""marker"":""[초기 진압 실패]""","""id"":""c_08_f4""","""label"":""소방 작전 일지""","""desc"":""문화재 훼손을 우려해 주저하다 골든타임을 놓친 기록.""}","{""marker"":""[현판 조각]""","""id"":""c_08_f5""","""label"":""숭례문 편액""","""desc"":""화재 중 바닥으로 떨어져 세 동강 난 '숭례문' 현판.""}]""",서울 중구 남대문로 숭례문 현장,대한민국의 얼굴이 불타고 있다. 당신은 어처구니없는 방화와 부실한 방재 시스템의 실체를 파헤쳐 역사에 남겨야 한다.,지키지 못한 과거는 미래를 비추는 거울이 될 수 없다.,"[{\text"":""방화범의 범행 동기를 취재한다""","""result"":""사회안전망의 사각지대와 개인의 일탈을 분석했다.""","""effect"":""mental:-20|stress:20""}","{""text"":""잿더미 속 문화재 파편을 수거한다""","""result"":""복원을 위해 필요한 원형의 조각들을 확보했다.""","""effect"":""stamina:-30|mental:-10""","""clue"":{""id"":""c_08_f6""","""label"":""전통 단청 도안""","""desc"":""화재 전의 모습을 증명하는 희귀한 단청 사진.""}}","{""text"":""문화재청의 안전 관리 실태를 조사한다""","""result"":""형식적인 보안 점검이 부른 인재(人災)임을 폭로했다.""","""effect"":""stamina:-20|money:-2000""}]""",불타버린 예의(禮)의 문,"숭례문은 잿더미가 되었으나, 당신의 기록은 대한민국 문화재 관리 체계의 근본적인 개혁을 불러왔다.",2008,2008-02-10,불길에 휩싸인 숭례문의 뜨거운 열기 앞에 서 있습니다.,FALSE,,,,,,
H08_CANDLE,2000s,광장일보,2008년 5월 2일,제100호,"광우병 촛불 시위, ""미친 소 못 먹겠다""","청계광장에서 시작된 거대한 물결, 국민의 안전권 외침",미국산 소고기 수입 재개에 반대하는 시민들이 [촛불]을 들었다. 거리에는 [광우병 괴담]과 [과학적 사실]이 뒤섞여 혼란스럽다. 경찰은 [명박산성]이라 불리는 컨테이너 벽을 세웠다.,시위대의 [유모차 부대]는 평화 시위의 상징이 되었다. 하지만 일부 시위 현장에는 [물대포]와 폭력이 난무한다. 대통령의 [사과 성명]은 민심을 돌릴 수 있을까?,먹거리 안전에서 시작된 대규모 반정부 시위,"[{\marker"":""[촛불]""","""id"":""c_08_c1""","""label"":""LED 촛불""","""desc"":""꺼지지 않는 민심을 상징하는 디지털 촛불.""}","{""marker"":""[광우병 괴담]""","""id"":""c_08_c2""","""label"":""선전 유인물""","""desc"":""공포를 자극하는 확인되지 않은 정보가 담긴 전단지.""}","{""marker"":""[명박산성]""","""id"":""c_08_c3""","""label"":""컨테이너 바리케이드""","""desc"":""시민의 접근을 차단하기 위해 쌓아 올린 철제 벽.""}","{""marker"":""[유모차 부대]""","""id"":""c_08_c4""","""label"":""엄마들의 피켓""","""desc"":""아이의 먹거리 안전을 요구하는 부모들의 호소문.""}","{""marker"":""[물대포]""","""id"":""c_08_c5""","""label"":""최루액 섞인 물""","""desc"":""시위를 강경 진압하기 위해 사용된 공권력의 도구.""}]""",서울 광화문 광장 및 세종로,먹거리의 공포가 광장의 분노로 변했다. 당신은 혼란스러운 정보 속에서 국민의 진정한 요구가 무엇인지 찾아내야 한다.,"광장의 목소리는 때로 거칠지만, 그 본질은 생존과 안전에 대한 갈망이다.","[{\text"":""검역 주권의 실태를 조사한다""","""result"":""수입 협상 과정의 불평등한 독소 조항을 찾아냈다.""","""effect"":""stamina:-20|money:-3000""","""clue"":{""id"":""c_08_c6""","""label"":""협상 비공개 문건""","""desc"":""미국 측에 지나치게 양보한 검역 지침서.""}}","{""text"":""시위대의 집단 지성을 취재한다""","""result"":""온라인 커뮤니티가 어떻게 현실의 광장으로 나왔는지 기록했다.""","""effect"":""mental:20|stress:30""}","{""text"":""경찰의 강잉 진입 현장을 촬영한다""","""result"":""과잉 진압으로 인한 부상자들의 참혹한 상태를 알렸다.""","""effect"":""stamina:-30|mental:-20""}]""",광장을 채운 촛불의 바다,"협상은 수정되었고 촛불은 잦아들었으나, 당신의 기록은 시민 권력이 국가를 견제하는 새로운 방식을 증명했다.",2008,2008-05-02,촛불의 물결이 출렁이는 광화문 광장 한복판에 서 있습니다.,FALSE,,,,,,
H02_YEON,2000s,서해안보,2002년 6월 29일,제02호,"제2연평해전, 월드컵 함성 속의 포성",붉은 악마의 환호 뒤에 가려진 서해의 영웅들,"월드컵 3-4위전이 열리던 날, NLL을 침범한 [북한 경비정]이 기습 포격을 가했다. [참수리 357호]는 벌집이 된 채 침몰했다. 갑판에는 전사한 장병들의 [피 묻은 구명조끼]가 남았다.",[기습 공격]의 징후를 보고했으나 묵살당했다는 증언이 나온다. [부상병의 수술 기록]에는 긴박했던 사투의 흔적이 가득하다. 승전보 뒤에 숨겨진 [유가족의 눈물]은 외면받고 있다.,월드컵 축제 분위기 속에 묻힌 비극적인 해전,"[{\marker"":""[북한 경비정]""","""id"":""c_02_y1""","""label"":""등산곶 684호 사진""","""desc"":""먼저 포격을 시작한 북한 함정의 식별 사진.""}","{""marker"":""[참수리 357호]""","""id"":""c_02_y2""","""label"":""파손된 함포""","""desc"":""적의 포탄을 맞고도 마지막까지 응사했던 함포 잔해.""}","{""marker"":""[피 묻은 구명조끼]""","""id"":""c_02_y3""","""label"":""장병의 유품""","""desc"":""치열했던 교전 중 희생된 용사의 마지막 흔적.""}","{""marker"":""[기습 공격]""","""id"":""c_02_y4""","""label"":""통신 감청 일지""","""desc"":""사전에 감지된 북한군의 도발 징후 보고서.""}","{""marker"":""[부상병의 수술 기록]""","""id"":""c_02_y5""","""label"":""탄자 조각""","""desc"":""생존 장병의 몸에서 뽑아낸 적 포탄의 파편.""}]""",서해 연평도 인근 해상,"전 국민이 축제에 취해 있을 때, 서해를 지키다 스러져간 젊은이들이 있다. 당신은 이 승리했지만 슬픈 해전의 진실을 복원해야 한다.","영웅은 화려한 조명 아래서가 아니라, 아무도 보지 않는 어둠 속에서 태어난다.","[{\text"":""정보사령부의 첩보 묵살 의혹을 캔다""","""result"":""상부에서 '도발 징후' 보고를 누락시킨 물증을 확보했다.""","""effect"":""stamina:-20|stress:50""","""clue"":{""id"":""c_02_y6""","""label"":""사전 경고 전문""","""desc"":""'기습 가능성 농후'라는 빨간 글씨가 적린 보고서.""}}","{""text"":""전사자 영결식장을 방문한다""","""result"":""월드컵 열기에 묻힌 유가족들의 비통함을 기사화했다.""","""effect"":""mental:-40|stamina:-10""}","{""text"":""생존 대원들을 인터뷰한다""","""result"":""윤영하 소령을 비롯한 대원들의 영웅적인 사투를 기록했다.""","""effect"":""mental:20|stress:20""}]""","잊힌 영웅들, 서해의 별이 되다",축제는 끝났으나 당신이 기록한 357호의 용기는 훗날 그들을 대한민국 역사상 최고의 영웅으로 소환했다.,2002,2002-06-29,축제의 환호 대신 포성이 울리는 차가운 서해 바다 위에 서 있습니다.,FALSE,,,,,,
H00_IT,2000s,디지털데일리,2000년 10월 10일,제1010호,"새천년의 명암, 사이버 범죄와 '백지수' 사건","IT 강국의 이면, 익명의 어둠 속에서 벌어지는 비극",대한민국이 [IT 강국]으로 도약하며 [초고속 인터넷] 보급률 1위를 달성했다. 하지만 [사이버 모욕]으로 인한 연예인 '백지수'의 자살 사건은 충격을 주었다. PC방에는 [불법 복제 CD]들이 넘쳐난다.,[벤처 거품]이 빠지며 수많은 개미 투자자가 몰락했다. [아이러브스쿨]로 이어진 동창 찾기는 불륜의 원인이 되기도 한다. 새천년의 [빛과 그림자]가 교차한다.,2000년대 초반 급격한 정보화가 불러온 사회적 역기능,"[{\marker"":""[IT 강국]""","""id"":""c_00_i1""","""label"":""스타크래프트 패키지""","""desc"":""전국에 PC방 열풍을 몰고 온 게임 CD.""}","{""marker"":""[초고속 인터넷]""","""id"":""c_00_i2""","""label"":""ADSL 모뎀""","""desc"":""세상을 하나로 연결한 초고속 통신의 상징적 기기.""}","{""marker"":""[사이버 모욕]""","""id"":""c_00_i3""","""label"":""악플 캡처본""","""desc"":""익명의 뒤에 숨어 타인을 죽음으로 몰아넣은 잔인한 글들.""}","{""marker"":""[불법 복제 CD]""","""id"":""c_00_i4""","""label"":""와레즈 리스트""","""desc"":""저작권 개념 없이 공유되던 불법 소프트웨어 목록.""}","{""marker"":""[벤처 거품]""","""id"":""c_00_i5""","""label"":""휴지 조각이 된 주식""","""desc"":""기술력 없이 장밋빛 미래만 팔던 기업들의 주권.""}]""",강남 벤처 밸리 및 PC방,"속도의 시대, 연결의 시대. 그러나 연결될수록 인간은 더 잔인해지기도 한다. 당신은 익명의 바다 속에 숨겨진 현대적 악마들을 추적해야 한다.",기술은 진보하지만 인간의 도덕은 기술의 속도를 따라잡지 못한다.,"[{\text"":""사이버 테러의 근원지를 추적한다""","""result"":""최초로 루머를 유포한 배후 세력을 가려냈다.""","""effect"":""stamina:-20|money:-3000""}","{""text"":""몰락한 벤처 사업가를 인터뷰한다""","""result"":""돈 잔치 뒤에 남겨진 허탈한 진실을 기록했다.""","""effect"":""mental:-10|stress:30""","""clue"":{""id"":""c_00_i6""","""label"":""분식 회계 장부""","""desc"":""가짜 매출로 투자자들을 속인 기업의 내부 기밀.""}}","{""text"":""정보통신법 개정을 촉구하는 칼럼을 쓴다""","""result"":""인터넷 실명제 논의와 권익 보호의 초석을 닦았다.""","""effect"":""mental:30|stamina:-10""}]""",0과 1 사이의 진실,기술의 풍요 속에서 잊혔던 '인간'의 가치를 당신의 기록이 다시금 일깨웠다.,2000,2000-10-10,파란 불빛이 깜빡이는 서버실의 열기 속에 서 있습니다.,FALSE,,,,,,